,Details,Superficie,Adresse,Prix,Image_lien-src
0,TERRAIN A VENDRE A NDIAKHIRATE,150 m¬≤,Ndiakhirate Dakar,12 500 000 F Cfa,https://i.roamcdn.net/hz/ed/listing-thumb-543w/4f9b7b79d30805402e427d23df7ef497/-/horizon-files-prod/ed/picture/qv4m850m/cdcdb3d0f436a4bc6ebcbc82d8b4e3908523b0e2.jpg
1,TERRAINS A VENDRE,183 m¬≤,Thi√®s Thi√®s,2 000 000 F Cfa,https://i.roamcdn.net/hz/ed/listing-thumb-543w/4c91d6736f27408824e08f1d3a3050c5/-/horizon-files-prod/ed/picture/qwe257x6/39f483739d219959efe73a6f308329f39b70b9b2.jpg
2,terrains √† vendre √† Thi√®s,225 m¬≤,Thi√®s Thi√®s,600 000 F Cfa,https://i.roamcdn.net/hz/ed/listing-thumb-543w/62b4360ab961de58bec85ff923e8a489/-/horizon-files-prod/ed/picture/q44j0nre/3c7045645a1c2635b24fe41720ec4445621f9ce8.jpg
3,TERRAIN √Ä VENDRE TIVAOUNE PEULH,200 m¬≤,Tivaouane peulh Dakar,35 000 000 F Cfa,https://i.roamcdn.net/hz/ed/listing-thumb-543w/e5f7327ea28ab9ed084c22aafe81a56e/-/horizon-files-prod/ed/picture/qzvd92kn/42d8bfb482bfe96f04280d917e6f99a19669d09e.jpg
4,400 hectares vendus au m2 √† Lompoul,"4,000,000 m¬≤",Kebemer Louga,600 000 000 F Cfa,https://i.roamcdn.net/hz/ed/listing-thumb-543w/f21e475a395787b1bac118adefaf25b1/-/horizon-files-prod/ed/picture/qngx5kzv/31bce0a2124c4a2130f0bf7b143f36d8fd96e44f.jpg
5,Terrain bord de route √† vendre √† Nguerigne,"3,279 m¬≤",Nguering Thi√®s,189 000 000 F Cfa,https://i.roamcdn.net/hz/ed/listing-thumb-543w/5764c35bd02761e3a2cd50408dcd29ff/-/horizon-files-prod/ed/picture/q6xke88d/ed1f112f3565b2e7c8f8cf423281becee97afdc6.jpg
6,Terrains √† vendre √† lac rose,300 m¬≤,Lac rose Dakar,15 000 000 F Cfa,https://i.roamcdn.net/hz/ed/listing-thumb-543w/196696ddf3156f8efdfc728c599af26f/-/horizon-files-prod/ed/picture/q78524pz/dc6de9c05ffbaec4a1180f60d3e145735d6eb29f.png
7,terrain √† vendre YENNE toubab dialaw,150 m¬≤,Yene Dakar,3 000 000 F Cfa,https://i.roamcdn.net/hz/ed/listing-thumb-543w/4c625a7de06c6a3bc21201a137f57dd4/-/horizon-files-prod/ed/picture/q6xke9vn/4239daf58540174d98f143737fcef4fd774c169c.jpg
8,"Terrain √† la cit√© police, SOCABEG Tivaouane Peulh",150 m¬≤,Tivaouane peulh Dakar,13 500 000 F Cfa,https://i.roamcdn.net/hz/ed/listing-thumb-543w/776280cf43da05d1040466b7eb1a9b70/-/horizon-files-prod/ed/picture/q6xk99ed/5cdc0520e4dda50457447b8eacb95d0651dbd29b.png
9,Terrain √† vendre au lac rose √† un prix imbattable,,Lac Rose Dakar,950 000 F Cfa,https://i.roamcdn.net/hz/ed/listing-thumb-543w/76797f5bdbe9679312cfb801fae0b372/-/horizon-files-prod/ed/picture/qngxrk20/dec78b6efb4bcda2721a19a3ffaaca39e3c5ccd8.jpg
10,Terrain bien place a vendre a Dakar Kounoune,150 m¬≤,Kounoune Dakar,10 000 000 F Cfa,https://i.roamcdn.net/hz/ed/listing-thumb-543w/a96a2ae7dd7444ef9c086b51ff182c6e/-/horizon-files-prod/ed/picture/qkr8k99v/9fcca52593b145593f63179c11ea2cfbe8cac153.jpg
11,Terrain nu commercial √† ouakam,327 m¬≤,Ouakam Dakar,180 000 000 F Cfa,https://i.roamcdn.net/hz/ed/listing-thumb-543w/af5740708e4e26fc00a422b3583daa20/-/horizon-files-prod/ed/picture/qgq969mm/577f05b79b874b418f021be99322616f39a26cf6.jpg
12,Terrain √† Nguerigne,"1,200 m¬≤",Nguering Thi√®s,42 000 000 F Cfa,https://i.roamcdn.net/hz/ed/listing-thumb-543w/c6ea9e92b98f0b795761c0bf03abc1ef/-/horizon-files-prod/ed/picture/qzvdgk66/a30a4922cd8d8261645428bf59bea924dc66e571.jpg
13,Terrain 1 hectare a sebiponty ndoyene,"10,000 m¬≤",Sebikotane Dakar,50 000 000 F Cfa,https://i.roamcdn.net/hz/ed/listing-thumb-543w/266c8c2b1eb626f166e68a2b640131ed/-/horizon-files-prod/ed/picture/q6xk0j78/4250a22cbee33ab9f1d090477f132fe332df1b69.jpg
14,Terrain angle √† vendre aux ALMADIES,500 m¬≤,Almadies Dakar,1 500 000 F Cfa,https://i.roamcdn.net/hz/ed/listing-thumb-543w/23664616cdbe68090009af9b2ed6fca6/-/horizon-files-prod/ed/picture/q785q9gg/0afbf7a9c75a3d733fd6fd99882e1307ee4703c5.jpg
15,Terrains en r√©sidence priv√©e √† Nguerigne,790 m¬≤,Nguering Thi√®s,44 000 000 F Cfa,https://i.roamcdn.net/hz/ed/listing-thumb-543w/6af6478141297f62513d7ed0ec3cb5fa/-/horizon-files-prod/ed/picture/qm5g55gr/0951d5b964b39b60e3d76784c70a3fcf72c40678.jpg
16,TERRAINS A VENDRE,"13,739 m¬≤",Rufisque Dakar,90 000 000 F Cfa,https://i.roamcdn.net/hz/ed/listing-thumb-543w/709b3aea1d9bfd5a3d6a3d5e998ccca8/-/horizon-files-prod/ed/picture/qq44e5gv/6d7bcd2afb3bf11c8f53a2228d5eef5673ae62a4.jpg
17,TERRAIN A VENDRE DIASS,225 m¬≤,Diass Thi√®s,2 000 000 F Cfa,https://i.roamcdn.net/hz/ed/listing-thumb-543w/e7ccad7ab206a39960b98b2ae5937bce/-/horizon-files-prod/ed/picture/qrzvpejx/171d0ea6d94e86e52ddc1d57c651c860f17dd192.jpg
18,TERRAIN √Ä VENDRE KEUR DAOUDA SARR SORTIE 10,150 m¬≤,Rufisque Dakar,14 000 000 F Cfa,https://i.roamcdn.net/hz/ed/listing-thumb-543w/ad83cbbae2d39871d8048d2a2a47a07b/-/horizon-files-prod/ed/picture/qgqwqve2/b7ff04e94088612b02c0134e06c3e32f1d1f8c61.jpg
19,Terrain 150m2 Sicap Keur Massar - Titre Foncier,150 m¬≤,Ndiakhirate Dakar,16 500 000 F Cfa,https://i.roamcdn.net/hz/ed/listing-thumb-543w/aaf6b4f6c5503df9143c5e43ce212f2b/-/horizon-files-prod/ed/picture/qxjpjkw2/24478dcb5bd9c3a3b6bc6ffdd56fb36393327401.jpg
20,Champs √† vendre,"1,000 m¬≤",Bayakh Dakar,60 000 000 F Cfa,https://i.roamcdn.net/hz/ed/listing-thumb-543w/8b05c9d8e01e30c82fff0f02e0c64f43/-eyJvciI6MH0%3D/horizon-files-prod/ed/picture/q44n48v4/f8b600e0061e0943f35827113ed38dd637a3dcbf.jpg
21,TERRAIN A VENDRE YENNE NDITAKH,150 m¬≤,Yene Dakar,1 000 000 F Cfa,https://i.roamcdn.net/hz/ed/listing-thumb-543w/3efbfa8d76cf4de001c30bf9e2ad923d/-/horizon-files-prod/ed/picture/qxjpj95n/12e9b8da9939951bcddccfeba1e6c18651603d82.jpg
22,"Terrain √† vendre √† Mboro , cit√© Mariame",200 m¬≤,Mboro Thi√®s,3 500 000 F Cfa,https://i.roamcdn.net/hz/ed/listing-thumb-543w/dcbd5b15f1a6b60c45e694d0d41a5f8e/-/horizon-files-prod/ed/picture/qde7wnr4/78c5c3965cae049fbb3999c44e0c61f6aba2d886.jpg
23,Champs de 4ha √† Pout,"40,000 m¬≤",Pout Thi√®s,,https://i.roamcdn.net/hz/ed/listing-thumb-543w/74ded19ffddaba5f09f431d128004e79/-/horizon-files-prod/ed/picture/qweex7v4/28f9feb0055bd47a20e40cd69b6b5b15394a0baa.jpg
24,Terrain lac rose,,Lac Rose Dakar,3 500 000 F Cfa,https://i.roamcdn.net/hz/ed/listing-thumb-543w/7b143626cd61e6eddf07d261fe9c11f3/-/horizon-files-prod/ed/picture/qm5ggme9/cef61984ce1e103685b7df153c9ae2f765548e58.jpg
25,ref_5062 Bambilor-terrain √† vendre,"8,500 m¬≤",Bambilor Dakar,220 000 000 F Cfa,https://i.roamcdn.net/hz/ed/listing-thumb-543w/eaa7db120f51ea824376333ec703a0c5/-/horizon-files-prod/ed/picture/qkr888zm/c1888b1933ae8a20e3f1a568d6b1488a11833088.png
26,Ref_5063_GL terrain √† vendre √† Nguekhokh,"2,000 m¬≤",Nguekhokh Thi√®s,65 000 000 F Cfa,https://i.roamcdn.net/hz/ed/listing-thumb-543w/eb7e1749d852b86f90f72b9e88635ce4/-/horizon-files-prod/ed/picture/q8v44477/81303c3469ab30e021482db6bdc356002659bbd8.png
27,Ref_5064_JN_Terrain cl√¥tur√© √† vendre √† Diamniadio,"10,000 m¬≤",Diamniadio Dakar,400 000 000 F Cfa,https://i.roamcdn.net/hz/ed/listing-thumb-543w/db998cd0944747d69faccbc0f430c66d/-/horizon-files-prod/ed/picture/qm5ggwdm/9031283232dc9adc69d4b66e19f89075e868e79c.png
28,Nouveau lotissement terrain √† Saly Portudal,594 m¬≤,Hann maristes Dakar,36 000 000 F Cfa,https://i.roamcdn.net/hz/ed/listing-thumb-543w/c82af09669158d4db8f86548475cc837/-/horizon-files-prod/ed/picture/q8v5jrkp/69e729533f7ddcaa006d2c0844e5ba0e319290ef.jpg
29,Opportunit√© √† Diamniadio P√¥le Urbain,"20,000 m¬≤",Diamniadio Dakar,800 000 000 F Cfa,https://i.roamcdn.net/hz/ed/listing-thumb-543w/5d8522bcbc1041377635dd297f523c05/-/horizon-files-prod/ed/picture/qgq92pwk/b0b668f47f35c27e9235e810959c21f6774ebc06.jpg
30,TERRAIN A VENDRE DOUGAR,150 m¬≤,Yene Dakar,4 000 000 F Cfa,https://i.roamcdn.net/hz/ed/listing-thumb-543w/e0fda2ae01329895dc5fdb1d6dc6363d/-/horizon-files-prod/ed/picture/q9mjkzz5/2562071b0925cc5afdfa308a9aa385f4d5615c15.jpg
31,Deux voies Zac Mbao terrain √† vendre,286 m¬≤,Zac Mbao Dakar,85 000 000 F Cfa,https://i.roamcdn.net/hz/ed/listing-thumb-543w/e88cddeebc413745885cb887e479b212/-/horizon-files-prod/ed/picture/qv4wjzvv/2b334c184048d78059e0594b5103cb9675b25ab7.jpg
32,Des terrains de 150m2 √† zac mbao,150 m¬≤,Zac Mbao Dakar,25 000 000 F Cfa,https://i.roamcdn.net/hz/ed/listing-thumb-543w/9227942bd486a92392ecd8c4e0fa25d1/-/horizon-files-prod/ed/picture/qm5pdvj9/e8563bf65650c01e6ef39bbf6ecfa132db25d06c.jpg
33,TERRAIN A VENDRE SINDIA,400 m¬≤,Sindia Thi√®s,10 000 000 F Cfa,https://i.roamcdn.net/hz/ed/listing-thumb-543w/027405b849124747d49cb7160d571ec1/-/horizon-files-prod/ed/picture/qgqwp5p9/895014066c598f4fd33a51f7f4c255667bc98a93.jpg
34,terrain a vendre a kounoune,150 m¬≤,Kounoune Dakar,14 000 000 F Cfa,https://i.roamcdn.net/hz/ed/listing-thumb-543w/840ef05ca039b224458d83d3ad5fe237/-/horizon-files-prod/ed/picture/qkr8g0nz/699606458d9980771ff0cc1f7250b58ba4049862.jpg
35,Centre-ville Vue sur mer,"1,600 m¬≤",Plateau Dakar,4 000 000 000 F Cfa,https://i.roamcdn.net/hz/ed/listing-thumb-543w/b4b28a2516856f61cdd9f47cde172da7/-/horizon-files-prod/ed/picture/q78wpxgq/b081d3c73c92f382f8765551eb369467bfb255f1.jpg
36,Terrain 1ha Bail individuel √† Diamniadio,"10,000 m¬≤",Diamniadio Dakar,250 000 000 F Cfa,https://i.roamcdn.net/hz/ed/listing-thumb-543w/06659362720d805b6637ff127c332542/-/horizon-files-prod/ed/picture/qgqwpvnr/820ed4a2b54ac9a75153b0eaef0f80961019bb9f.jpg
37,Prix abordables √† Diamniadio,216 m¬≤,Diamniadio Dakar,15 000 000 F Cfa,https://i.roamcdn.net/hz/ed/listing-thumb-543w/36484794c9896f645c446d472a985d20/-/horizon-files-prod/ed/picture/qm5gv5mr/de25ed5980dc6e76f6e9cfe2ab210f17c25c30de.jpg
38,"Terrain agricole √† vendre √† Ngu√©ni√®ne, Thies",,Mbour Thi√®s,5 000 000 F Cfa,https://i.roamcdn.net/hz/ed/listing-thumb-543w/622f195d5a59a5cfe7b3f3fd086ce964/-/horizon-files-prod/ed/picture/q9mjrrvv/5e4310c039f105769c73927fa8cf37601f48a807.jpg
39,Terrain √† vendre,150 m¬≤,Keur Massar Dakar,22 500 000 F Cfa,https://i.roamcdn.net/hz/ed/listing-thumb-543w/8a3ddf423ff3b0d72b80c117ac6d4c79/-/horizon-files-prod/ed/picture/qxjp24qm/0a06971c50f9191c7e2e9845d3b62500230af366.jpg
40,Terrain √† Mboro par hectares,"10,000 m¬≤",Mboro Thi√®s,4 500 000 F Cfa,https://i.roamcdn.net/hz/ed/listing-thumb-543w/768b072b3d99e0e3dd2495cc2da82df4/-/horizon-files-prod/ed/picture/q8vzxr74/b328516b54a18344a158ada18c7fcf4971400f40.jpg
41,Terrain √† vendre sur la vdn3 rond point Gadaye,192 m¬≤,Guediawaye Dakar,45 000 000 F Cfa,https://i.roamcdn.net/hz/ed/listing-thumb-543w/e130b6e5b2494dc947c519fa3b921fc6/-/horizon-files-prod/ed/picture/q2jqd8qj/5c4c6b3c20d2ef87c1c92de9869c43f8f968e65d.jpg
42,Mamelle Terrain d angle avec trois fa√ßades,"1,002 m¬≤",Mamelles Dakar,650 000 F Cfa,https://i.roamcdn.net/hz/ed/listing-thumb-543w/20a88d7ab9ff7c939748a5fb1391a5af/-/horizon-files-prod/ed/picture/q44n26p8/2fc9e6fb2abeb04ac6478120e230a2b680eae449.jpg
43,2 terrains de 200m2 √† vendre √† saly,200 m¬≤,Saly Portudal Thi√®s,17 000 000 F Cfa,https://i.roamcdn.net/hz/ed/listing-thumb-543w/bbf6c154ed6b600c8db369b329874e4b/-/horizon-files-prod/ed/picture/q44n0jrm/de4645fc8ab8714986d19fcd50ef3996132c4518.jpg
44,Terrain de 449 m2 √† vendre √† Ndaparou,449 m¬≤,Ngaparou Thi√®s,47 000 000 F Cfa,https://i.roamcdn.net/hz/ed/listing-thumb-543w/83a4b3b08d4c02e381a68a47cfb9e19d/-/horizon-files-prod/ed/picture/qv4wkx6v/b69976ecfdc003e73a6cf5829fc55f750c565886.jpg
45,Terrains √† vendre √† Thies Mont rolland,225 m¬≤,Thi√®s Thi√®s,500 000 F Cfa,https://i.roamcdn.net/hz/ed/listing-thumb-543w/a00cb9c2633feadadf0be23a5249b3de/-/horizon-files-prod/ed/picture/qngpj60r/bec5e1450cfd642164a0c4dc4f28ff2f2f781183.jpg
46,Terrains Lac Rose keur SIMBIRI,,Lac Rose Dakar,1 500 000 F Cfa,https://i.roamcdn.net/hz/ed/listing-thumb-543w/12b9f5000f5a26e86d3fb4eedfd3c52a/-/horizon-files-prod/ed/picture/qq422qew/48f07482860ae81f704cd061b5d2d1518c5a6c91.jpg
47,Lot de 100 terrains √† bayakh sur la route nationale,,Bayakh Dakar,3 000 000 F Cfa,https://i.roamcdn.net/hz/ed/listing-thumb-543w/1be837c682bafdb00f200770af3ca5b5/-/horizon-files-prod/ed/picture/q56x72g7/b24ba1e8ee5bed987a8dd2dce0230560c4aa6799.jpg
48,Terrain √† vendre √† Ngalelle Saint Louis,300 m¬≤,Saint-Louis Saint-Louis,8 000 000 F Cfa,https://i.roamcdn.net/hz/ed/listing-thumb-543w/16a380275ff4ca3f0ffb5730f57d680d/-/horizon-files-prod/ed/picture/qxjpq5qz/aa18e6e3a4d6578b3afdbcb5a4339c6d4fcbc30f.jpg
49,Terrain de 150 m2 √† vendre Ndiakhirate,150 m¬≤,Ndiakhirate Dakar,14 500 000 F Cfa,https://i.roamcdn.net/hz/ed/listing-thumb-543w/d9579810ec25beecff4bbd16ca355b77/-/horizon-files-prod/ed/picture/qm5gn80w/d5ac1ba3bffcfdb77010863b04e3c14c968683ed.jpg
50,Terrain nu √† vendre √† ouest foire !!!,150 m¬≤,Ouest foire Dakar,95 000 000 F Cfa,https://i.roamcdn.net/hz/ed/listing-thumb-543w/4c6ed06500ae19479abab882b4d92869/-/horizon-files-prod/ed/picture/qde74e04/9ca03f7c3b1e1d943343e86344322b5191c22fa4.jpg
51,Terrain √† vendre,343 m¬≤,Somone Thi√®s,11 500 000 F Cfa,https://i.roamcdn.net/hz/ed/listing-thumb-543w/71a71ba47f53f5abc8a9f709ebd5ec63/-/horizon-files-prod/ed/picture/qkr80xg2/f1da814b095abae5c65778b13d876b9f4b88bb65.jpg
52,Ref_5071_JN 1605 parcelles viabilis√©es √† Kounoune,,Kounoune Dakar,15 000 000 F Cfa,https://i.roamcdn.net/hz/ed/listing-thumb-543w/acdfe0b3273388761832f2ff994137cf/-/horizon-files-prod/ed/picture/q6xdzqq7/8863fa38d62caabf3e36f3bd2ff70cda86838ba3.png
53,Terrain √† vendre,150 m¬≤,Bambilor Dakar,1 500 000 F Cfa,https://i.roamcdn.net/hz/ed/listing-thumb-543w/fad71545152153eee244e8d4ed8fab01/-/horizon-files-prod/ed/picture/q6xdzq26/cf7aff74e8b41430b50d8e61965ba30fa63e85e8.jpg
54,Terrain √† vendre √† Pout,180 m¬≤,Pout Thi√®s,4 500 000 F Cfa,https://i.roamcdn.net/hz/ed/listing-thumb-543w/cea9af24257e07a5df7ec5a61dd9bdf8/-/horizon-files-prod/ed/picture/q0gwq7p8/f3ad95a385702e53f710c0b6cbef3ec529a42588.jpg
55,Terrain de 412 M2 √† vendre √† mbour Toucouleur,412 m¬≤,Mbour Thi√®s,17 000 000 F Cfa,https://i.roamcdn.net/hz/ed/listing-thumb-543w/3a63502fae913a4b01c2fd69b994ebdf/-/horizon-files-prod/ed/picture/q78w9jeq/c575aeafda4cf208516225cd79a86505dc57c857.png
56,Terrain de 400 m2 √† vendre Benne Tally bordure de route,400 m¬≤,Biscuiterie Dakar,280 F Cfa,https://i.roamcdn.net/hz/ed/listing-thumb-543w/929902054e65bea223d4e64d05f29b5c/-/horizon-files-prod/ed/picture/qm5gd02g/5d64c49fc998d8a66e7233ad8cc3969708db7a64.jpg
57,TERRAIN EN TF √Ä VENDRE √Ä LA CIT√â HAWO DIA,150 m¬≤,Kounoune Dakar,22 500 000 F Cfa,https://i.roamcdn.net/hz/ed/listing-thumb-543w/4da17d6cb56f05649f6ae7e88d55fa81/-/horizon-files-prod/ed/picture/qenv2wv9/26303d7d460194236bfc3e1c5d7dc6ca31384544.jpg
58,Terrain a vendre a Keur Massar Unit√© 22,160 m¬≤,Keur Massar Dakar,18 000 000 F Cfa,https://i.roamcdn.net/hz/ed/listing-thumb-543w/cf567483e39c13dddb0a02b4527fbf8a/-/horizon-files-prod/ed/picture/qkr86ezx/7435de6d43dba995dc7a49e04598e08946c9385b.jpg
59,A VENDRE UN TERRAIN AVEC FONDATION,200 m¬≤,Mamelles Dakar,175 000 000 F Cfa,https://i.roamcdn.net/hz/ed/listing-thumb-543w/2c1ea9e5bbd7880a1a7c848fd27f945b/-/horizon-files-prod/ed/picture/q6xdzz58/18dced4b3b562edafaeaffc74aa7e36989756a17.jpg
60,terrain √† vendre,150 m¬≤,Keur Massar Dakar,15 000 000 F Cfa,https://i.roamcdn.net/hz/ed/listing-thumb-543w/d6e5853073a96ed208aca234c482908e/-/horizon-files-prod/ed/picture/qkr822dj/e3e0e7068782d4c347d422cd346dff16825e16b7.jpg
61,Terrain cl√¥tur√© en titre foncier √† la lagune de Somone,"1,390 m¬≤",Somone Thi√®s,138 000 000 F Cfa,https://i.roamcdn.net/hz/ed/listing-thumb-543w/9f5db3c0849dd4fdc9f191ec3c596cea/-/horizon-files-prod/ed/picture/q44n77v8/34bf2c9ec735b6df582ce1e8c838ad34a5dd8c54.jpg
62,"""Opportunite a saisir "" 2 ha √† vendre √† Popenguine",,Popenguine Thi√®s,15 000 F Cfa,https://i.roamcdn.net/hz/ed/listing-thumb-543w/42534f50552812d148ac974f1103b3e5/-/horizon-files-prod/ed/picture/qrz8jgz4/78a3652064d128fc15630e91b6a991f23e42b22f.jpg
63,Terrain √† la SeneGindia SN City de Ndiakhirate,150 m¬≤,Ndiakhirate Dakar,20 000 000 F Cfa,https://i.roamcdn.net/hz/ed/listing-thumb-543w/0708d5420a778a50f4cee946622c04b8/-/horizon-files-prod/ed/picture/qzvpe6xr/ca1d132659696e3b2f3d196e10011a4fa6d9071a.jpg
64,VENTE TERRAIN ZONE DE CAPTAGE,183 m¬≤,Zone de captage Dakar,80 000 000 F Cfa,https://i.roamcdn.net/hz/ed/listing-thumb-543w/910649dbe2dec72cfa679fbf8512d6ee/-/horizon-files-prod/ed/picture/q8v4nd86/0e25616730213503d86fe8b3b69ce4e3766d6bf4.jpg
65,"518m2, angle, tf √† vendre √† Hann Mariste",518 m¬≤,Hann maristes Dakar,1 F Cfa,https://i.roamcdn.net/hz/ed/listing-thumb-543w/e4c5b4977ca804faa6127bf615979e4f/-/horizon-files-prod/ed/picture/qxjpxzm4/2380b5a48189517d50298f4b79b84d62918e1c6a.jpg
66,Terrain Diamniadio Cite Fonctionnaire,150 m¬≤,Keur moussa Thi√®s,3 800 000 F Cfa,https://i.roamcdn.net/hz/ed/listing-thumb-543w/96ca6d156176838edcd608f7acb76eb1/-/horizon-files-prod/ed/picture/qngx4p4k/64658fb8ee56300fd28ac78fe168dbdc1c9bfe0b.jpg
67,TERRAIN A VENDRE CITE FONCTIONNAIRE,300 m¬≤,Diamniadio Dakar,15 000 000 F Cfa,https://i.roamcdn.net/hz/ed/listing-thumb-543w/5fc8a24ebc712ae294becc9b626f1d7f/-/horizon-files-prod/ed/picture/q6xdz40j/acc10783d54e5129f6ad800b2eab12bfd8ada641.jpg
68,Diamniadio 1 hectare,"10,000 m¬≤",Diamniadio Dakar,12 000 F Cfa,https://i.roamcdn.net/hz/ed/listing-thumb-543w/8652afbcafcc881417e6608867e8bf04/-/horizon-files-prod/ed/picture/q2j059mg/4612934107b03dbfcc1ec526c30800c1c258fb2c.jpg
69,A vendre un terrain bail,300 m¬≤,Toubab Dialaw Thi√®s,8 000 000 F Cfa,https://i.roamcdn.net/hz/ed/listing-thumb-543w/e8bcd8a633508c54ea0aeae8bc960e0c/-/horizon-files-prod/ed/picture/qwepjekj/0bc872e68548cd7d36d5a7058d3299953f236ae8.jpg
70,Parcelles de terrain √† vendre √† Nguerigne,600 m¬≤,Nguering Thi√®s,24 000 000 F Cfa,https://i.roamcdn.net/hz/ed/listing-thumb-543w/4794d4a1e50036b6a9d8c26d2d5b45ac/-/horizon-files-prod/ed/picture/qngp2vdw/f2285471fb7cc62557da385c91e2ff126f77f52f.jpg
71,Lotissement √† diass,180 m¬≤,Diass Thi√®s,3 500 000 F Cfa,https://i.roamcdn.net/hz/ed/listing-thumb-543w/7f8a07542e946b0734bf440a7a46228c/-/horizon-files-prod/ed/picture/q9mjgkkn/5692557048957f5a46a19bae7fe77c393360c639.jpg
72,100 hectares √† bambilor,,Bambilor Dakar,16 000 F Cfa,https://i.roamcdn.net/hz/ed/listing-thumb-543w/b6aada0cb6d17790a96e18e88a254513/-/horizon-files-prod/ed/picture/q6xdqpqd/92dcd4c62e6f4b822570e241a107dfac52814465.jpg
73,Terrain 2 hectares 800 noflaye,"28,000 m¬≤",Noflaye Dakar,45 000 F Cfa,https://i.roamcdn.net/hz/ed/listing-thumb-543w/ce1edded4251cb575ffd22b88768b93f/-/horizon-files-prod/ed/picture/q8v59kj6/19089c02221105893df5394a7e11bf6bd3d3e9c8.jpg
74,terrain industriel,"7,187 m¬≤",Kounoune Dakar,1 F Cfa,https://i.roamcdn.net/hz/ed/listing-thumb-543w/353d55283715ab3ceb823c01bad5dbcd/-/horizon-files-prod/ed/picture/q8v4n78j/9696eb17c0a09a0bcebffbbf00ea8f0a229be541.png
75,Coop√©rative keur issa possibilit√© de payer sur 20 mois,180 m¬≤,Thi√®s Thi√®s,1 500 000 F Cfa,https://i.roamcdn.net/hz/ed/listing-thumb-543w/2fb16780b88a361305c7ded8027f9330/-/horizon-files-prod/ed/picture/q9m96qj6/f55d16eb7d89787a11dcedc8e16cefafd86b18ff.jpg
76,Promo magal terrain √† djibril mbengue,210 m¬≤,Thi√®s Thi√®s,500 000 F Cfa,https://i.roamcdn.net/hz/ed/listing-thumb-543w/885e68566b0890039e754e5da8645bd8/-/horizon-files-prod/ed/picture/qngpppek/3c48a92b3e5e8c1938b7da109b56335008063d7a.jpg
77,Terrain avec bail √† vendre √† Nguerigne,519 m¬≤,Nguering Thi√®s,42 000 000 F Cfa,https://i.roamcdn.net/hz/ed/listing-thumb-543w/20ef48fab60c772d96a5af42e9f19d06/-/horizon-files-prod/ed/picture/qgqwqq99/bde97e202d82ffc8df72e818a3dcb7072a7d8d40.jpg
78,Terrains √† vendre ndoukhoura diamniadio,180 m¬≤,Diamniadio Dakar,2 500 000 F Cfa,https://i.roamcdn.net/hz/ed/listing-thumb-543w/20fb3cc3200da4991e0a6a43fd44dbd6/-/horizon-files-prod/ed/picture/q9mjwqwn/497d93a77bc555054359f17f201a85c0149fc654.jpg
79,A VENDRE: terrains √† Niague-Lac Rose avec titre foncier,200 m¬≤,Niague Dakar,20 000 000 F Cfa,https://i.roamcdn.net/hz/ed/listing-thumb-543w/36f41779711d60e04b57dfc825834f28/-/horizon-files-prod/ed/picture/q2j056gp/7f0b4997de48220f7ab7a2f9a205f5884e4cfa3f.png
80,Terrain semi-cl√¥tur√© de 594m2 √† vendre √† Ngaparou,594 m¬≤,Ngaparou Thi√®s,47 000 000 F Cfa,https://i.roamcdn.net/hz/ed/listing-thumb-543w/53bb0da55f97c45a87c9ce2a32d9bb87/-/horizon-files-prod/ed/picture/qm5gdek6/6c70e72109eab97be0ce358cfeda4f6256eac3cb.jpg
81,Champ agricole plus forage et b√¢timent,"50,000 m¬≤",Tivaouane Thi√®s,10 000 000 F Cfa,https://i.roamcdn.net/hz/ed/listing-thumb-543w/866fa0a5da7c2e06a48833768cef2a5c/-/horizon-files-prod/ed/picture/qv4wz45x/19b4ffde8beeebd70b4fef83c08dd8d65749cd50.jpg
82,Terrains √† vendre a yenne- ndoukhoura peulh,150 m¬≤,Yene Dakar,2 500 000 F Cfa,https://i.roamcdn.net/hz/ed/listing-thumb-543w/58d3b3eeca34120798695f18f4caf747/-/horizon-files-prod/ed/picture/qgqwzdj4/c95858d731cc6040d96d017de73ce81f5e66ad03.jpg
83,Terrain √† vendre a tivaoune peulh TF,150 m¬≤,Tivaouane peulh Dakar,12 000 000 F Cfa,https://i.roamcdn.net/hz/ed/listing-thumb-543w/4c746f80bf2628a895a93b705d555211/-/horizon-files-prod/ed/picture/qm5gn5g2/2b364cf915e2942e57e72a13046d83d14dd95d81.png
84,TERRAIN A VENDRE,300 m¬≤,Sicap mbao Dakar,45 000 000 F Cfa,https://i.roamcdn.net/hz/ed/listing-thumb-543w/79d9ec71dff466d2fe6e03a4c398dcfa/-/horizon-files-prod/ed/picture/qkr80jnp/dada8f0848092bf5405fb87675ae19f5d65d8ed8.png
85,Beau terrain de 450m2 angle sis √† pointe sarene,450 m¬≤,Pointe Sarene Thi√®s,24 000 000 F Cfa,https://i.roamcdn.net/hz/ed/listing-thumb-543w/1ea8395f93357a062b4d1e90b44c379f/-/horizon-files-prod/ed/picture/qv4wx2xx/0411d94f68a21332f8bad6d4e28a0f1158ea02e6.jpg
86,Terrain Zac Mbao,120 m¬≤,Mbao Dakar,17 000 000 F Cfa,https://i.roamcdn.net/hz/ed/listing-thumb-543w/1b6836e4f45f4867e966500eeb10212a/-/horizon-files-prod/ed/picture/qv4wx2jm/320a42c12a85b2428e5a66dbf841d0da9ccabf19.jpg
87,Terrains √† vendre √† Pout sur 36 mois,180 m¬≤,Pout Thi√®s,4 500 000 F Cfa,https://i.roamcdn.net/hz/ed/listing-thumb-543w/85d54e90efa99fa68faa9311c2393d30/-/horizon-files-prod/ed/picture/qxjpx554/553a0dbd7d0bf92b18b6a3d602b957a872925228.jpg
88,Terrain √† vendre Keur Ndiaye lo,150 m¬≤,Keur ndiaye l√¥ Dakar,15 000 000 F Cfa,https://i.roamcdn.net/hz/ed/listing-thumb-543w/0a35207e9235e4b498db80f436b1cf8e/-/horizon-files-prod/ed/picture/qwepjq2g/e8d25c47ce8e130bcef488f4d652e5ecd943dab9.jpg
89,Terrain de 300m2 angle √† somone,300 m¬≤,Somone Thi√®s,18 000 000 F Cfa,https://i.roamcdn.net/hz/ed/listing-thumb-543w/842f47adc2334fc72ef4fa0f4b10c2eb/-/horizon-files-prod/ed/picture/qenqj52d/9b5616730d8cf92ed181990f1d0e45678246af94.jpg
90,Villa moderne √† vendre,300 m¬≤,Mbour Thi√®s,95 000 000 F Cfa,https://i.roamcdn.net/hz/ed/listing-thumb-543w/91f6f2527bc7f29fe2ddbe9fae8b7e46/-/horizon-files-prod/ed/picture/q56dd7wr/3085be667b4001b0cdf4deedb401eba4871883c3.jpg
91,Votre terrain au S√©n√©gal Dakar payable sur 3ans,180 m¬≤,Pout Thi√®s,4 500 000 F Cfa,https://i.roamcdn.net/hz/ed/listing-thumb-543w/1689ab5a0ff1bd7c71439bf24ea83ef9/-/horizon-files-prod/ed/picture/q2j0km6j/6f7551a48112726f42e6da1734e15f5136d6aece.jpg
92,Ref_5073_GL\Terrain √† vendre en front de mer √† Ngor,"1,600 m¬≤",Ngor Dakar,2 000 000 000 F Cfa,https://i.roamcdn.net/hz/ed/listing-thumb-543w/dac6e7e2a5bf93aa26d5606b98263d33/-/horizon-files-prod/ed/picture/qm5g45md/d36ae25ded5a70d599cb72e4e47c7fc081fd3ed4.jpg
93,Titre foncier globale,314 m¬≤,Hann maristes Dakar,70 000 000 F Cfa,https://i.roamcdn.net/hz/ed/listing-thumb-543w/b125efaa104fbe0963fdac9533a88061/-/horizon-files-prod/ed/picture/q9mjw955/316eb8090e16940c10b81e782fa540a78752de84.jpg
94,Notification de bail,180 m¬≤,Pout Thi√®s,4 500 000 F Cfa,https://i.roamcdn.net/hz/ed/listing-thumb-543w/3f270f0015f092edafbad7290b2ce004/-/horizon-files-prod/ed/picture/qwepk4km/5525674012e18ac4be219aedb89221ca3dabf0d9.jpg
95,Terrain Apix extension,150 m¬≤,Tivaouane peulh Dakar,16 000 000 F Cfa,https://i.roamcdn.net/hz/ed/listing-thumb-543w/005a9c0921e082060cbef24784a7e9da/-/horizon-files-prod/ed/picture/qxjpkrgm/5491d7ffa5673dfb2f952bc862f0e3777777c883.jpg
96,Terrain de 78 hectares a tassette,"78,000 m¬≤",Tassette Thi√®s,1 000 F Cfa,https://i.roamcdn.net/hz/ed/listing-thumb-543w/a0fc07303cc708acd8200631d3cab5ea/-/horizon-files-prod/ed/picture/qq478r2p/d7221de74913155c8c343c3fe4dab311ff105b2d.jpg
97,TERRAIN A VENDRE A DIAMNIADIO,,Diamniadio Dakar,50 000 F Cfa,https://i.roamcdn.net/hz/ed/listing-thumb-543w/57fd7979c779ba4a7ae66abc9f46e91b/-/horizon-files-prod/ed/picture/q9mjkq47/c4ad0c445afb55d31ad9137611461c749128da95.jpg
98,Terrains √† vendre √† la sortie 12 payable 36mois,180 m¬≤,Grand-Dakar Dakar,4 500 000 F Cfa,https://i.roamcdn.net/hz/ed/listing-thumb-543w/f06b10a3a01149377aa73199fe252453/-/horizon-files-prod/ed/picture/qenvn8jz/20d912f72225b58c448dd39f2d10b9bbee17f706.jpg
99,TERRAIN A VENDRE SUR LA VDN,"2,080 m¬≤",VDN Dakar,800 000 F Cfa,https://i.roamcdn.net/hz/ed/listing-thumb-543w/fa8c173e5e782225440760de66a40a41/-/horizon-files-prod/ed/picture/q9mjjp78/b07da4fa205f64e94f34da639d67b5be41a9bd0a.jpg
100,Terrain 1000 angle commercial sis aux almadies,"1,000 m¬≤",Almadies Dakar,1 200 000 000 F Cfa,https://i.roamcdn.net/hz/ed/listing-thumb-543w/fb2c288e27b37fe440d1f0c6a189140e/-/horizon-files-prod/ed/picture/qj4qwq8v/0fb15201e4e3b061fb6b547b939910baefd80d6c.jpg
101,TERRAINS A VENDRE A TIVAOUANE PEULH COTE APIX,150 m¬≤,Tivaouane peulh Dakar,13 000 000 F Cfa,https://i.roamcdn.net/hz/ed/listing-thumb-543w/2512f76d41a9b5715ddffbbdf26c63c3/-/horizon-files-prod/ed/picture/qrzz4wd4/26d56ed7ba4087be5e2f26f32763223f7844dc22.jpg
102,Terrain √† vendre √† la Sicap Libert√© 6 Extension,180 m¬≤,Liberte 6 extension Dakar,120 000 000 F Cfa,https://i.roamcdn.net/hz/ed/listing-thumb-543w/2b50694fa3494897e99609b160133c9f/-/horizon-files-prod/ed/picture/qzvp6p78/6b6db3b892e4abbfa0194b1fbfcfab0a6cf7c64f.jpg
103,Terrains √† vendre √† la lagune de Somone,400 m¬≤,Somone Thi√®s,20 800 000 F Cfa,https://i.roamcdn.net/hz/ed/listing-thumb-543w/2016f515c69f2411aa15829c957d234a/-/horizon-files-prod/ed/picture/q6xdmqdv/1d94cc7110ac431755fb7b4a2726f90c2c42962f.jpg
104,Terrain √† vendre sortie autoroute √† p√©age - 2 voies de Thies,225 m¬≤,Thi√®s Thi√®s,5 500 000 F Cfa,https://i.roamcdn.net/hz/ed/listing-thumb-543w/3be2bfef7532f470e6e6bba0126530df/-/horizon-files-prod/ed/picture/qde7eqzj/3730f52dda22439a484d4af773e9cd11fd8151ba.jpg
105,Terrain route de Rufisque,"9,863 m¬≤",Hann Bel-Air Dakar,299 000 F Cfa,https://i.roamcdn.net/hz/ed/listing-thumb-543w/8a785b467236e6529b4a2c92db814aa5/-eyJvciI6OTB9/horizon-files-prod/ed/picture/qv4wzxdk/c750bc53cb50d51cba398016ce7b355d7c1b2b46.jpg
106,Mbodiene plage Terrains jumel√©s 300m2,300 m¬≤,Mbodiene Thi√®s,10 000 000 F Cfa,https://i.roamcdn.net/hz/ed/listing-thumb-543w/9c79ce19d7534981a5c6731f4af5d7ec/-/horizon-files-prod/ed/picture/q8v4dm44/b78b159b1f056353ee847dbcfb774e890c355f45.jpg
107,Terrain 200m2 sortie 9 p√©age,200 m¬≤,Zac Mbao Dakar,50 000 000 F Cfa,https://i.roamcdn.net/hz/ed/listing-thumb-543w/67c31b5c9e08ccfff9867847e53879c6/-/horizon-files-prod/ed/picture/q44n6p29/8071e2e364e8f4c8062a6de754a254e69e656182.jpg
108,Saly:Terrain a b√¢tir,624 m¬≤,Saly Portudal Thi√®s,50 000 000 F Cfa,https://i.roamcdn.net/hz/ed/listing-thumb-543w/d9d90bcf32bdfaefc990be985fda15ed/-/horizon-files-prod/ed/picture/qwep8nmm/9c94fa1c578b545ca6037a1e561d9b7c9e847a8c.jpg
109,Terrain cl√¥tur√© 400m2 √† Rufisque,400 m¬≤,Rufisque Dakar,85 000 000 F Cfa,https://i.roamcdn.net/hz/ed/listing-thumb-543w/3d97ad23a864c2b0b4caa4198d5e65b6/-/horizon-files-prod/ed/picture/qgqw04wn/1ba2c10507c545a01c6a89abb43920ef5cd06847.jpg
110,Terrain 150m2 Almadies 2,150 m¬≤,Almadies 2 Dakar,30 000 000 F Cfa,https://i.roamcdn.net/hz/ed/listing-thumb-543w/3bea45ac694816afa8b7f73abaa7bb59/-/horizon-files-prod/ed/picture/qzvp6r88/2aed4ba712d96953a19ccdf1db71c9aa59aa1865.jpg
111,EXPLOITATION AGRICOLE,"500,000 m¬≤",Saint-Louis Saint-Louis,,https://i.roamcdn.net/hz/ed/listing-thumb-543w/2073538521b8c91a6dacc4be4405bb62/-/horizon-files-prod/ed/picture/qgq9rre9/f15ccdd79fdbca96a7abf6de299fe96784ed7e77.jpg
112,Terrains TF √† vendre cit√© sapco keur massar,300 m¬≤,Keur Massar Dakar,35 000 000 F Cfa,https://i.roamcdn.net/hz/ed/listing-thumb-543w/9b732a950aa12cb2fdb8ce9bff080824/-/horizon-files-prod/ed/picture/qpd62wqm/e0299756124d6632aad23e99f907161e749e543d.jpg
113,Terrain √† vendre √† Deni biram ndaw,150 m¬≤,Lac Rose Dakar,2 500 000 F Cfa,https://i.roamcdn.net/hz/ed/listing-thumb-543w/7e98109055b428f471e4840265326492/-/horizon-files-prod/ed/picture/q6xdq86n/9dd6cd7c020582d25df5bfa769be35cfc8c1d749.jpg
114,Terrain √† vendre √† Saly Gandigal,225 m¬≤,Saly Thi√®s,7 000 000 F Cfa,https://i.roamcdn.net/hz/ed/listing-thumb-543w/7522d5709e3d11e7205467ab7008ed31/-/horizon-files-prod/ed/picture/qpdm8q9q/ec88735b83bc7caf58693f09fac8cae54f81395d.jpg
115,Terrain Tf a vendre a Libert√© 6,350 m¬≤,Liberte 6 Dakar,125 000 000 F Cfa,https://i.roamcdn.net/hz/ed/listing-thumb-543w/fade3753dc02c50802943b286895003a/-/horizon-files-prod/ed/picture/qm5g4mdj/d67cf3149072b90e5119fd8524fc8eacedd80251.jpg
116,Terrains √† usage agricole √† Mboro / hectare,,Mboro Thi√®s,2 999 000 F Cfa,https://i.roamcdn.net/hz/ed/listing-thumb-543w/64b01572de5bbe0cf504f373b7acf46e/-/horizon-files-prod/ed/picture/q8v57mkn/01d4781aabedee939a3a6c1f7e4f57cdcd8c228a.jpg
117,Terrains en vente √† Kounoune T.F,150 m¬≤,Kounoune Dakar,14 000 000 F Cfa,https://i.roamcdn.net/hz/ed/listing-thumb-543w/29640978dd78283abc8199788dbb940d/-/horizon-files-prod/ed/picture/qq4qee04/061431982a669c17a9d8dffb2a6a9b72473a4ccf.jpg
118,Sp√©cialement des grands terrains a vendre,"1,200 m¬≤",Almadies Dakar,1 100 000 F Cfa,https://i.roamcdn.net/hz/ed/listing-thumb-543w/7e46d1b7cbad08a6173ab51fa9f1a444/-/horizon-files-prod/ed/picture/q78wg64j/9bdbabe10eeca3739a855c990081881962731166.jpg
119,Terrain de 150 m2 au croisement Niague (site viabilis√©),150 m¬≤,Niague Dakar,18 000 000 F Cfa,https://i.roamcdn.net/hz/ed/listing-thumb-543w/a41ea09d173d37bc412d12168e59bd14/-/horizon-files-prod/ed/picture/q9mjk0jn/40561ce64eaec0a249d384509626f6406d78ac29.png
120,Titre foncier Kounoune,150 m¬≤,Kounoune Dakar,19 000 000 F Cfa,https://i.roamcdn.net/hz/ed/listing-thumb-543w/554526a430ed909ef0d7e0724e5991cd/-/horizon-files-prod/ed/picture/q44nmm52/90539f8fa06fa722d241026a667e9ba9ab572a8e.jpg
121,TF global / bail Individuel en cours,400 m¬≤,Somone Thi√®s,35 000 000 F Cfa,https://i.roamcdn.net/hz/ed/listing-thumb-543w/eb0da83079323dd80ffc6828a802e34c/-/horizon-files-prod/ed/picture/qm5gdd76/a53cc364f40e1f08a089d50bc7bf61d805058533.jpg
122,CITES DES SENEGALAIS DE L'EXTERIEUR,,Mboro Thi√®s,,https://i.roamcdn.net/hz/ed/listing-thumb-543w/272d35e471d069f78d65aebccf0a2cfb/-/horizon-files-prod/ed/picture/q8v4m8w0/a72be5d0b9f43474ebf665e14ebd19a54cbf2777.jpg
123,Terrain √† vendre au Point E,900 m¬≤,Point-e Dakar,,https://i.roamcdn.net/hz/ed/listing-thumb-543w/534fd99dcc7eda2a9edc4298e94f90a1/-/horizon-files-prod/ed/picture/q0gw64n8/cdd082dffd0e8f03ca7cbede305caaa632b22259.jpg
124,Terrain 2000m2 aux mamelles,"2,000 m¬≤",Mamelles Dakar,850 000 F Cfa,https://i.roamcdn.net/hz/ed/listing-thumb-543w/8cf28363d4c7d507b11822389dee4aa9/-/horizon-files-prod/ed/picture/q0g7z0xx/289c781815ef49e32113c5d5b3bc7abffccbabb0.jpg
125,Terrain 2000m2 √† yenn,"2,000 m¬≤",Yene Dakar,90 000 000 F Cfa,https://i.roamcdn.net/hz/ed/listing-thumb-543w/fe336818de2c8d67b698565fcae8e8a9/-/horizon-files-prod/ed/picture/qwep8596/c59a98e9b9d4c22db728f4b2d055bc10e65aa5fd.jpg
126,Terrain √† vendre au point E,"1,549 m¬≤",Point-e Dakar,1 000 000 F Cfa,https://i.roamcdn.net/hz/ed/listing-thumb-543w/3df3de372fa47c03fdc8da748d2c7f3e/-/horizon-files-prod/ed/picture/q9m9vmgp/5ac0f836bd22e3bc43e979b6525ac2db8d542e34.jpg
127,Terrains √† vendre √† Niagues,,Niague Dakar,3 000 000 F Cfa,https://i.roamcdn.net/hz/ed/listing-thumb-543w/490ee274846e65640645710ee9147384/-/horizon-files-prod/ed/picture/qenv7m4z/4fb026caa1735788a5f2ddd699a578482fb417b4.jpg
128,Terrains √† POUT payables sur 3ans,180 m¬≤,Sebikotane Dakar,4 500 000 F Cfa,https://i.roamcdn.net/hz/ed/listing-thumb-543w/1a1141d3feb52f5a6a2eeba092c55c87/-/horizon-files-prod/ed/picture/qkr8mr9v/0658f0981434a31c2090ec75613266d778027538.jpg
129,TERRAIN EN VENTE KEUR MASSAR,150 m¬≤,Keur Massar Dakar,10 000 000 F Cfa,https://i.roamcdn.net/hz/ed/listing-thumb-543w/7580320f6a3c3d53a879979ee114d0e8/-/horizon-files-prod/ed/picture/qv4wdjpg/24c1cb5a02a5480d111e648ba20531bd3ad4504b.jpg
130,Champs de 1 ha en premi√®re position,"10,000 m¬≤",Notto Thi√®s,55 000 000 F Cfa,https://i.roamcdn.net/hz/ed/listing-thumb-543w/ca3bf0e23629c9190927c56befb6c84e/-/horizon-files-prod/ed/picture/qpd6q7ej/f82829524f10b59eaf040895004ebd1fa1d40056.jpg
131,Terrains √† vendre √† Mermoz : l'endroit id√©al,340 m¬≤,Mermoz Dakar,299 000 000 F Cfa,https://i.roamcdn.net/hz/ed/listing-thumb-543w/beb85a719389ea05a1fa5f62a66a64a3/-/horizon-files-prod/ed/picture/qj4qwgq6/a8732ce8d8b62c9d44517bb93a3612b8365c5b60.jpg
132,Terrain a vendre aux Almadies,272 m¬≤,Almadies Dakar,180 000 000 F Cfa,https://i.roamcdn.net/hz/ed/listing-thumb-543w/19e86999d155bcbf54edeac3dc1fe1a9/-/horizon-files-prod/ed/picture/qngpzv4r/7d91e7fcd7c4b8cbdc4d9723ae28f48f3bac2d83.jpg
133,Terrain aux Almadies derri√®re Philippe Morris,289 m¬≤,Almadies Dakar,250 000 000 F Cfa,https://i.roamcdn.net/hz/ed/listing-thumb-543w/2f3c1c7438e6b97be74b9abd19f2b70e/-/horizon-files-prod/ed/picture/qrz80wd8/a6875b36984536ff488ffee22460fc13f13f36ea.jpg
134,Terrain √† Nguerigne,"2,900 m¬≤",Nguering Thi√®s,35 000 F Cfa,https://i.roamcdn.net/hz/ed/listing-thumb-543w/6d3810e14b37fc14173e0ef79a29d550/-/horizon-files-prod/ed/picture/qrz80x5n/eab77b17b88001e15b060b7710c4f4cd68d5f6e0.jpg
135,"Terrain, bail individuel √† vendre cit√© Elevage Mbao",150 m¬≤,Mbao Dakar,21 000 000 F Cfa,https://i.roamcdn.net/hz/ed/listing-thumb-543w/b677aa103fc2b5bf71c5f78bc193d059/-/horizon-files-prod/ed/picture/q6xdmxe6/c7b885332fda8778039ca2dfbdc188d56a2df1dd.jpg
136,1543m2 a vendre aux Almadies,"1,543 m¬≤",Almadies Dakar,,https://i.roamcdn.net/hz/ed/listing-thumb-543w/09d699e6bf0a85a039fb7a83979f1c5c/-/horizon-files-prod/ed/picture/qwep87m6/2b6f183cf0b9742b5ea1c88a48372185bcae9f05.jpg
137,Terrains Titre foncier individuel √† vendre √† tivaouane peulh,150 m¬≤,Tivaouane peulh Dakar,12 000 000 F Cfa,https://i.roamcdn.net/hz/ed/listing-thumb-543w/a82a4660b77cb4705b2cbafbff8cabf2/-/horizon-files-prod/ed/picture/qm5g4xgd/b01ce04fff601e207db474b5ce8d11bb3f11e3f6.jpg
138,Somone √† 100m de la route principale,500 m¬≤,Somone Thi√®s,40 000 000 F Cfa,https://i.roamcdn.net/hz/ed/listing-thumb-543w/65a2ce6496125a6c8e772dcf87e4c6a7/-/horizon-files-prod/ed/picture/q6xdq4qv/875878fa88ee9729a06f1745f4745bf8519416ce.jpg
139,Lotissement √† vendre √† tivaouane peulh,150 m¬≤,Tivaouane peulh Dakar,4 000 000 F Cfa,https://i.roamcdn.net/hz/ed/listing-thumb-543w/2fa31ff8b15f755c41f5fbff287fd842/-/horizon-files-prod/ed/picture/qwepzqw0/e39cd6f9f25fe5043b9cece26e5b7acc4eed4f13.jpg
140,Parcelles de 150m2 bien lotiss√©s a vendre √† bambilor,150 m¬≤,Bambilor Dakar,2 500 000 F Cfa,https://i.roamcdn.net/hz/ed/listing-thumb-543w/62837575d6387e5da59368d22044ee6f/-/horizon-files-prod/ed/picture/qde76k0g/6ab3c173763ab53dceeac7fffb41a5f720f8cef1.jpg
141,Terrain pr√™t pour construction,225 m¬≤,Bambilor Dakar,7 000 000 F Cfa,https://i.roamcdn.net/hz/ed/listing-thumb-543w/2ae65f4839a2560ad67e94d26874cb83/-/horizon-files-prod/ed/picture/qxjpw9jq/c6c4189d95360d9662deaa3d7518d7428df8e711.jpg
142,Terrain de 500 m2 titre foncier a Guediawaye c√¥t√© Dalal jam,500 m¬≤,Guediawaye Dakar,300 000 000 F Cfa,https://i.roamcdn.net/hz/ed/listing-thumb-543w/47e5e7373a4664a47d5eddcc11ae5c21/-/horizon-files-prod/ed/picture/q6xdzzmd/faa20e8ef5bb8ff16ea54e693b793830631c83e7.jpg
143,Terrains rares en r√©sidence √† vendre √† Nguerigne,998 m¬≤,Almadies Dakar,42 000 000 F Cfa,https://i.roamcdn.net/hz/ed/listing-thumb-543w/05154d6f4b02979c0a41fc3c3283d9c9/-/horizon-files-prod/ed/picture/qrz848zj/9a29ac685a0c962cb9346c8c5250de5861c662d5.jpg
144,Terrain √† vendre √† Malicounda Mbour,300 m¬≤,Mbour Thi√®s,4 300 000 F Cfa,https://i.roamcdn.net/hz/ed/listing-thumb-543w/4fe0baeea27dbcaa98e68b6d920c2d1f/-/horizon-files-prod/ed/picture/qkdzeqn/2a79802d6cde5d7e265b9d22218bc0b045ed5786.jpg
145,Terrains a vendre bail individuel a Ndiakhirate,150 m¬≤,Sangalkam Dakar,10 000 000 F Cfa,https://i.roamcdn.net/hz/ed/listing-thumb-543w/3bc3bcfc34e0b80917c78e7c872b3c44/-/horizon-files-prod/ed/picture/q56xv56n/02108abc7e9160852aedd65c2c609189d0aec557.jpg
146,Un beau terrain de 3100M2 Nguerigne,"3,100 m¬≤",Mbour Thi√®s,120 F Cfa,https://i.roamcdn.net/hz/ed/listing-thumb-543w/0db38ccabf6a834008d6bf8e3a09fc52/-/horizon-files-prod/ed/picture/qzvp5pnv/ccaf476f8001b953a6ac1a2957ffa1dcb0f999b5.jpg
147,Terrain 300m2 TF aux Mamelles a√©roport sur une voie de 20m,300 m¬≤,Mamelles Dakar,225 000 000 F Cfa,https://i.roamcdn.net/hz/ed/listing-thumb-543w/e88fc211aaa32af9b6f459ffa7854c74/-/horizon-files-prod/ed/picture/q8v4d5jj/32c4704ad7f5fb384267b712751469ed88a13dc0.jpg
148,"Terrain 1371m2, 3 fa√ßades, Saly √† proximit√© Institut Diambar","1,371 m¬≤",Saly Thi√®s,150 000 000 F Cfa,https://i.roamcdn.net/hz/ed/listing-thumb-543w/02d7139bdfbda6c4fb80a632347cc821/-/horizon-files-prod/ed/picture/qrz8nx25/258fd63228ee0ca7f1c9e3e7abf9dfeb9f4fa20c.jpg
149,TONTINE TERRAINS (TIVAOUANE),225 m¬≤,Thi√®s Thi√®s,2 000 000 F Cfa,https://i.roamcdn.net/hz/ed/listing-thumb-543w/b1e4717a97edafe26804f21cbb740013/-/horizon-files-prod/ed/picture/qzvpjgjr/4d66fef01477c3f5c9318cd054fdabe07739f281.png
150,Ref_5074_GL Terrain √† vendre sur la Route de Rufisque,"7,300 m¬≤",Rufisque Dakar,2 920 000 000 F Cfa,https://i.roamcdn.net/hz/ed/listing-thumb-543w/f0e806fccd2beb30cef9b6c25e838fc4/-/horizon-files-prod/ed/picture/q44nm6qm/025c34bca473956b6abdb2537ca333d2db975c6d.jpg
151,Titre foncier,150 m¬≤,Ndiakhirate Dakar,14 000 000 F Cfa,https://i.roamcdn.net/hz/ed/listing-thumb-543w/03acd2b6377f039c7de30268095eff7e/-/horizon-files-prod/ed/picture/q2j05vnj/77934b8aa2979ffa2a47862c48da58362b122446.jpg
152,Terrain tr√®s bien plac√© aux Recasement,264 m¬≤,Ngor Dakar,135 000 000 F Cfa,https://i.roamcdn.net/hz/ed/listing-thumb-543w/547016456c8badd09d611d165802ba74/-/horizon-files-prod/ed/picture/qpd6kpvq/e815cb86e810c4707320e7263cb6ee4c21c102ba.jpg
153,"Vente d'une parcelle agricole de 3,5 HA","35,000 m¬≤",Louga Louga,18 000 000 F Cfa,https://i.roamcdn.net/hz/ed/listing-thumb-543w/824fec9f3b596e176867c72e015b1f99/-/horizon-files-prod/ed/picture/q56dwxg2/65fb56bee308c2eae61bc6dcf9181ac8694ae6e7.jpg
154,champ de 115 hectares TF √† sindia,,Sindia Thi√®s,4 000 000 000 F Cfa,https://i.roamcdn.net/hz/ed/listing-thumb-543w/f3c8bd75bf5d26b235c0a93291b03d60/-/horizon-files-prod/ed/picture/q2j0ng8e/bcd1ab87a9497f7bfaae247ac004abfbfca985be.jpg
155,Terrain √† vendre √† Mar Lodj,"1,702 m¬≤",Ndangane Sine saloum,65 000 000 F Cfa,https://i.roamcdn.net/hz/ed/listing-thumb-543w/11dc60545fc1bd56499822756a6ceeaf/-/horizon-files-prod/ed/picture/q0g7056g/0ed77e69c83f89526b3fe0661a6373944e2e8be8.jpg
156,Terrain angle titre foncier individuel aux Almadies 2,172 m¬≤,Almadies 2 Dakar,30 000 000 F Cfa,https://i.roamcdn.net/hz/ed/listing-thumb-543w/451c9fa366f7ef9496f097dd885355af/-/horizon-files-prod/ed/picture/qkr8v72x/d6c72420bd0d046e8a735042747b857b1fd9b9ac.jpg
157,Terrain a vender a Nguerigne sinthiane,"1,000 m¬≤",Nguering Thi√®s,60 000 000 F Cfa,https://i.roamcdn.net/hz/ed/listing-thumb-543w/b6cbf9faa0955134959ea1a1684fdf1c/-/horizon-files-prod/ed/picture/qenvjw0z/d4c25ece5b3d7bd77c7677c4f52a6a7fca9e8549.jpg
158,Terrain 150 m2 Tfi √† vendre √† Almadie,150 m¬≤,Almadies 2 Dakar,21 000 000 F Cfa,https://i.roamcdn.net/hz/ed/listing-thumb-543w/9bdd42f3585a164ecf2eaa06d7782722/-/horizon-files-prod/ed/picture/q9mjwjpx/24b0bb402a4df86033a26a3542110af6a82213c3.png
159,Malicounda Vend terrain 6200m2,"6,200 m¬≤",Malicounda Thi√®s,29 000 000 F Cfa,https://i.roamcdn.net/hz/ed/listing-thumb-543w/3dd6bae6e9a45343c94df93a0a7f0330/-/horizon-files-prod/ed/picture/q0g700qz/17f68555bf21273722db64c9358841496959bf9a.jpg
160,Titre foncier Tivaoune Peulh pr√®s Gendarmerie,200 m¬≤,Tivaouane peulh Dakar,17 000 000 F Cfa,https://i.roamcdn.net/hz/ed/listing-thumb-543w/c9244d4721233a93892456ad370fc4df/-/horizon-files-prod/ed/picture/q44nqme2/12c9e0d144b45cea582d4fe6d7cf7f934a25c2ab.jpg
161,üè° Terrains √† vendre virage,500 m¬≤,Virage Dakar,500 000 000 F Cfa,https://i.roamcdn.net/hz/ed/listing-thumb-543w/283ebf3b2ea77a565a55f1a33cca3b31/-/horizon-files-prod/ed/picture/qenqprzd/ff4052248fdf2018a18be4d37cf2c13cf446dd95.jpg
162,"Terrains √† vendre aux Almadies, √ßa vous tente ?",636 m¬≤,Almadies Dakar,508 800 000 F Cfa,https://i.roamcdn.net/hz/ed/listing-thumb-543w/7695e540335efcb4fdd72a1b310061a0/-/horizon-files-prod/ed/picture/q56xrp27/55280cee7fca88a024944838d5fb3580fcc53c54.jpg
163,TERRAIN A VENDRE DERRI√àRE STATION EYDON,500 m¬≤,Almadies Dakar,370 000 000 F Cfa,https://i.roamcdn.net/hz/ed/listing-thumb-543w/e1b70ec4fda168fbfcf062444a316391/-/horizon-files-prod/ed/picture/q2jq7766/1992c854442d19f8e2cab4712af010f9b9cdc7af.jpg
164,Terrain de 150 m¬≤ titre foncier cit√© sipres ZAC Mbao,150 m¬≤,Zac Mbao Dakar,30 000 000 F Cfa,https://i.roamcdn.net/hz/ed/listing-thumb-543w/25bf7c9c1f9af3de2ae5474c9f87df52/-/horizon-files-prod/ed/picture/qde7jqw7/14827670c52cd73f615e4c8d9aebfead114b35f2.jpg
165,Terrain angle de 240 m¬≤ Bambilor cit√© Dallale jamm,150 m¬≤,Bambilor Dakar,6 500 000 F Cfa,https://i.roamcdn.net/hz/ed/listing-thumb-543w/19956b248fe4a9ea31eac8b8015fbd45/-/horizon-files-prod/ed/picture/qxjpen24/a28b7a11c321f9734755ea71d33bb85642cbbaec.jpg
166,villa √† demolir √† vendre liberte 2,261 m¬≤,Sicap Libert√© Dakar,190 000 000 F Cfa,https://i.roamcdn.net/hz/ed/listing-thumb-543w/0e0d4cfbf67e93a1f6b3413077ff1487/-/horizon-files-prod/ed/picture/qv4w5r6p/858ed3f6a4a37aae888b8166a361d6431b90e0d7.jpg
167,A VENDRE TERRAIN 3150m¬≤ NGOR,"3,150 m¬≤",Almadies Dakar,1 F Cfa,https://i.roamcdn.net/hz/ed/listing-thumb-543w/1fd459e6b395d88de7b2d7d5a8b7cb0b/-/horizon-files-prod/ed/picture/q2j0dw2e/d206c72c847d792a178f18a303cd93dbe211ccc3.jpg
168,Terrain cl√¥tur√© bien plac√© a kounoune,168 m¬≤,Kounoune Dakar,9 900 000 F Cfa,https://i.roamcdn.net/hz/ed/listing-thumb-543w/36e9b545694bee891abae138a6a65f36/-/horizon-files-prod/ed/picture/qngxmkkx/1fd201e6eb53abdc3382636004ea007bb5723bb4.jpg
169,Promotion des terrains tr√®s bien plac√©s aux Almadies,250 m¬≤,Almadies Dakar,187 500 000 F Cfa,https://i.roamcdn.net/hz/ed/listing-thumb-543w/b1c81431b8d1656d28410cee689b6509/-/horizon-files-prod/ed/picture/q78wr6zz/6c8c419be47c3bc17562e62b39905e0cc39787e5.png
170,Lots de parcelles TF √† vendre √† Kounoune Rufisque,160 m¬≤,Kounoune Dakar,24 000 000 F Cfa,https://i.roamcdn.net/hz/ed/listing-thumb-543w/5c4c213677846ca86d5cbc3aa14754a1/-/horizon-files-prod/ed/picture/qenq84d2/14cbe39d2dcb87be758417bca0ca871867475061.jpg
171,CITES DES SENEGALAIS DE L'EXTERIEUR MBORO/DIAS,225 m¬≤,Cit√© keur gorgui Dakar,1 F Cfa,https://i.roamcdn.net/hz/ed/listing-thumb-543w/215f96c6e47468f5c0b4780acae0d65c/-/horizon-files-prod/ed/picture/qrz80pqj/8c92de261225a79145ccc5b4a01c182504616eb4.jpg
172,Vente de terrain nu,214 m¬≤,Zac Mbao Dakar,48 000 000 F Cfa,https://i.roamcdn.net/hz/ed/listing-thumb-543w/4fbb10f4c9e693c36b014da9bc0ec2a1/-eyJvciI6MH0%3D/horizon-files-prod/ed/picture/qq42w8mv/62880d269100b7fdc21247da3e6541105dd78e3a.jpg
173,Terrains de 500m2 a vendre,500 m¬≤,Ngaparou Thi√®s,12 500 000 F Cfa,https://i.roamcdn.net/hz/ed/listing-thumb-543w/f1f1ca045a53e99e88363e1eceb6205c/-/horizon-files-prod/ed/picture/qwep572z/0fdb3ce4a679b32bc2faada2e7d5e0699914e700.jpg
174,Terrain √† vendre aux parcelles assainissement u26,209 m¬≤,Parcelles Assainies Dakar,85 000 000 F Cfa,https://i.roamcdn.net/hz/ed/listing-thumb-543w/92842c997113c16a6bb99556a6fa97b0/-/horizon-files-prod/ed/picture/qj4q7njr/3215eb7b16fb89fa4d5c6371250ffb7aefc19455.jpg
175,YENN Tood,150 m¬≤,Yene Dakar,6 000 000 F Cfa,https://i.roamcdn.net/hz/ed/listing-thumb-543w/d1a20252bd21b0652697f2b5a10ae4da/-/horizon-files-prod/ed/picture/qngpnxwz/d0fa4c574941640036c1b2b8092b3e7d8255f9aa.jpg
176,Terrain √† vendre NGOR ALMADIES,"1,028 m¬≤",Almadies Dakar,900 000 000 F Cfa,https://i.roamcdn.net/hz/ed/listing-thumb-543w/e73ee8bdf7bdc5742c9cdbddead0636e/-/horizon-files-prod/ed/picture/qkr8mx4v/da3836d7a55e31812bac7f8004819d14eb8b7810.jpg
177,Terrain de plus de 4 hectares √† vendre √† Sinthiane,"41,480 m¬≤",Nguering Thi√®s,23 000 F Cfa,https://i.roamcdn.net/hz/ed/listing-thumb-543w/873170afea95619e6761eea140da6c84/-/horizon-files-prod/ed/picture/q2j0npdj/97d3715e8b2e64bed3a40e8b2b9da02e00710e45.jpg
178,Terrain semi cl√¥tur√©e √† vendre √† Sinthiane,"1,599 m¬≤",Nguering Thi√®s,30 000 F Cfa,https://i.roamcdn.net/hz/ed/listing-thumb-543w/c79dd2e325ffe883e642a3d55708832f/-/horizon-files-prod/ed/picture/q44nqe29/8f594b1f57ee329c3b248c6a677139f4f0833381.jpg
179,VENTE 13 TERRAINS TF KEUR MASSAR,150 m¬≤,Keur Massar Dakar,22 500 000 F Cfa,https://i.roamcdn.net/hz/ed/listing-thumb-543w/2a445170a70e70c3cc8a71f1f97b7d84/-/horizon-files-prod/ed/picture/qm5gnkjm/c62b60b86747da7eb22e8e31b303f9192460de99.jpg
180,√Ä VENDRE : TERRAIN √Ä KOUNOUNE 2 ‚Äì 150 m¬≤ ‚Äì TITRE FONCIER,150 m¬≤,Kounoune Dakar,16 000 000 F Cfa,https://i.roamcdn.net/hz/ed/listing-thumb-543w/3ea0cb728f7a57f3507b9d9c88ea828f/-/horizon-files-prod/ed/picture/q9mj6pp7/3bc096cd7671ba62cc7fbe8be355d37662a14800.jpg
181,Terrain 300 m2 Louga,300 m¬≤,Louga Louga,1 800 000 F Cfa,https://i.roamcdn.net/hz/ed/listing-thumb-543w/78549db206108639a482033493e9677a/-/horizon-files-prod/ed/picture/qzvdzqk6/c9a962f731404f57a495e9fd415b65b88074b664.jpg
182,Terrain de 1800 m2 √† vendre √† Ngaparou,"1,800 m¬≤",Nguering Thi√®s,64 300 000 F Cfa,https://i.roamcdn.net/hz/ed/listing-thumb-543w/93944ebc1f1bb9f58ab32219df21fdfa/-/horizon-files-prod/ed/picture/q2j0nk9j/269a0b7be260bad11b3b08e895006c2736372f2d.jpg
183,150 m¬≤ √† vendre ZAC de Thies,150 m¬≤,Thi√®s Thi√®s,15 000 000 F Cfa,https://i.roamcdn.net/hz/ed/listing-thumb-543w/26d41ae62c8cf169036e0081281508f7/-/horizon-files-prod/ed/picture/q8v49jwz/77b0b0802aabaab99f213e0f1416d5c33ab0e486.jpg
184,Terrain 292 m¬≤ Derkle TF,292 m¬≤,Derkle Dakar,130 000 000 F Cfa,https://i.roamcdn.net/hz/ed/listing-thumb-543w/a0fe9559d03932681c8bcbd4ac2ff614/-/horizon-files-prod/ed/picture/q56dpeqe/a2e25d46e99d3b276cc869fa20e448a3d5bf11d5.jpg
185,Terrain 111 m¬≤ sacre coeur 2,111 m¬≤,Sacr√©-c≈ìur Dakar,100 000 000 F Cfa,https://i.roamcdn.net/hz/ed/listing-thumb-543w/5894607b8b091883b98fadfdcf8dd9b9/-/horizon-files-prod/ed/picture/qwepnde5/baca8a5fbd0f6077609600225d4b75fc901f0f52.jpg
186,Terrain commercial 710 m¬≤ √† vendre Ouakam,710 m¬≤,Ouakam Dakar,400 000 000 F Cfa,https://i.roamcdn.net/hz/ed/listing-thumb-543w/6b4020de625943ae2b87dddb6aff9cd5/-/horizon-files-prod/ed/picture/qxjpw5j8/f1fa9e4b18ea72c1aec9323b595eaf32edd41069.jpg
187,Champ de 3 hectares √† Noto Gouye Diama,,Notto Thi√®s,22 000 000 F Cfa,https://i.roamcdn.net/hz/ed/listing-thumb-543w/a82a08f3d08d5dc50e6f2b82eeb6cebc/-/horizon-files-prod/ed/picture/qgqwkgnk/ea56a3a5108af25ce7009d02dbf54f00c892926e.jpg
188,Terrain √† vendre √† Ngeurigne,"7,514 m¬≤",Nguering Thi√®s,262 500 000 F Cfa,https://i.roamcdn.net/hz/ed/listing-thumb-543w/e9a970d745c98194845b57449300e4d4/-/horizon-files-prod/ed/picture/qzvpq4en/4d7f48a3df1341d377a32a2e50860530e24e1472.jpg
189,Grands terrains et case face r√©serve bandia,"100,000 m¬≤",Sindia Thi√®s,8 000 F Cfa,https://i.roamcdn.net/hz/ed/listing-thumb-543w/d0fcbcaa6af4891c689e8b2b5e253090/-/horizon-files-prod/ed/picture/q2j02rkq/dd11131b91c3e9e2702fea5a35d316584d871c21.jpg
190,Terrain a vendre a Keur Massar,150 m¬≤,Keur Massar Dakar,15 000 000 F Cfa,https://i.roamcdn.net/hz/ed/listing-thumb-543w/d539107a0af65bdb249c17b5f8e1a1e8/-/horizon-files-prod/ed/picture/qngpkp5z/e9bdc2519f75a297eed7256685ef3c773a58cb0e.png
191,Terrain vue sur mer a Cap Skirring derri√®re l'a√©roport,406 m¬≤,Cap Skirring Ziguinchor,15 000 000 F Cfa,https://i.roamcdn.net/hz/ed/listing-thumb-543w/74ac2633cd2b96ab09847d76be55c1c7/-/horizon-files-prod/ed/picture/q6xdkqq8/bcf0a5f4acaaa8589ee6faaef988211ee390e4de.jpg
192,BON TERRAIN SICAP KEURMASSAR,157 m¬≤,Keur Massar Dakar,11 500 000 F Cfa,https://i.roamcdn.net/hz/ed/listing-thumb-543w/b83bfe095283ee19fa3f1b6dd2e49d1c/-/horizon-files-prod/ed/picture/q9mj2k9j/f00040d4c2345886848043cc5508fcc8ac572ef7.jpg
193,Terrain avec fondation Keur Massar,170 m¬≤,Keur Massar Dakar,14 500 000 F Cfa,https://i.roamcdn.net/hz/ed/listing-thumb-543w/3797cdcb9df18e1f589972786c1c2f15/-/horizon-files-prod/ed/picture/qngpk9g9/b273b6939c9bc7f83bf29139374edde7714e4629.jpg
194,Terrains TF √† vendre Bambilor,207 m¬≤,Bambilor Dakar,11 000 000 F Cfa,https://i.roamcdn.net/hz/ed/listing-thumb-543w/fa22be312657618673cedbfb14afa7d1/-/horizon-files-prod/ed/picture/q6xd4g86/106a2addfba555cdd46339f0b90c9cff2bfc9c94.jpg
195,Terrain en r√©sidence √† vendre √† Nguerigne,"1,000 m¬≤",Nguering Thi√®s,45 000 000 F Cfa,https://i.roamcdn.net/hz/ed/listing-thumb-543w/4abe7f9bbfeed9b213936511db5b4116/-/horizon-files-prod/ed/picture/q2j028w6/a85067a86c32113f0ed62ddd59783a86e1866570.jpg
196,Terrain 150m2 tf zac mbao,150 m¬≤,Zac Mbao Dakar,22 000 000 F Cfa,https://i.roamcdn.net/hz/ed/listing-thumb-543w/b34ef7a71d36563145646d5f4108bd32/-/horizon-files-prod/ed/picture/q2j028ve/68ce6c0999ee2265ec8b0c8b956c8b2706a49e4d.jpg
197,Terrains tr√®s bien plac√©s √† vendre aux Almadies,57 m¬≤,Almadies Dakar,400 000 000 F Cfa,https://i.roamcdn.net/hz/ed/listing-thumb-543w/cbacb3c5f9a1d50ded467beffcc0d63f/-/horizon-files-prod/ed/picture/q6xd6m8d/8d9caa2e8a3032a3cee98be34a9ebfb3f84b8f62.jpg
198,TERRAIN TITRE FONCIER A KOUNOUNE CITE HAWO DIA,160 m¬≤,Kounoune Dakar,16 000 000 F Cfa,https://i.roamcdn.net/hz/ed/listing-thumb-543w/61b240915f826db2501dee76f97175f9/-/horizon-files-prod/ed/picture/q6xd4j8d/43849f3270a87c2b13e8cd09394a06d892b6ec3a.jpg
199,TERRAINS √Ä VENDRE,230 m¬≤,Sindia Thi√®s,3 000 000 F Cfa,https://i.roamcdn.net/hz/ed/listing-thumb-543w/12214fb7d391ec8c364e59cca75e27ab/-/horizon-files-prod/ed/picture/qxjpnk50/613194ea63c8dd4c6445c7ec59f3a629d652f3fb.png
200,Centre-ville Opportunit√©s pour investisseurs,"3,100,000,000 m¬≤",Plateau Dakar,3 100 000 000 F Cfa,https://i.roamcdn.net/hz/ed/listing-thumb-543w/f4d7003c0bc608aaef4246a816da7609/-/horizon-files-prod/ed/picture/qgqwj62n/61dda8bd4db223a6f7decd514df4dab67c0913a9.jpg
201,Ref_5075_PL Terrain √† vendre √† keur Guilaye,225 m¬≤,Sebikotane Dakar,4 000 000 F Cfa,https://i.roamcdn.net/hz/ed/listing-thumb-543w/e2b9f9b93e9e33161a89d0a773c1c285/-/horizon-files-prod/ed/picture/qwep9wj6/02b2d16275fb8e89bbc8c01cd275ccc77ac0a704.png
202,Parcelles de 150 √† 500m2 √† Vendre √† Kounoune 2,,Kounoune Dakar,,https://i.roamcdn.net/hz/ed/listing-thumb-543w/72f89d65a44b619bf6ef07714943733c/-/horizon-files-prod/ed/picture/qxjpnqx4/9ce00643276728bd56e1372ff694ec9f77ec5d8a.png
203,Un grand terrain pour un grand coeur,292 m¬≤,Almadies Dakar,250 000 000 F Cfa,https://i.roamcdn.net/hz/ed/listing-thumb-543w/a829aff78a5d67eea468c49fd1aebeac/-/horizon-files-prod/ed/picture/qv4w0zrp/ca13ca542b6c53fe5885061e26cf898d3d8d4263.png
204,Vente Terrains √† Touba Fall,500 m¬≤,Touba Diourbel,2 000 000 F Cfa,https://i.roamcdn.net/hz/ed/listing-thumb-543w/31fcf193f1f4030d7a100d8d2466a95a/-/horizon-files-prod/ed/picture/q0g7x5wj/492763d7d245d17dbac5d51561290df84dd99451.jpg
205,Terrain √† vendre,400 m¬≤,Sacr√©-c≈ìur Dakar,500 000 000 F Cfa,https://i.roamcdn.net/hz/ed/listing-thumb-543w/197f00a6985cdcfdbc6800d51fbc4528/-/horizon-files-prod/ed/picture/qzvpqxkg/72c02e890a3855d5cc6c9dd4a8796f6db7b6f8ef.png
206,200m2 √† la cit√© Racine sy- kounoune 2,200 m¬≤,Kounoune Dakar,18 000 000 F Cfa,https://i.roamcdn.net/hz/ed/listing-thumb-543w/f24ac621c4537abcf8ae337a4aab0faa/-/horizon-files-prod/ed/picture/qwqn06j/1b1646ecf73e2d5d54d0a976e67b0157be82ea23.jpg
207,Vente de terrains √† NDIAKHIRATE,150 m¬≤,Ndiakhirate Dakar,16 000 000 F Cfa,https://i.roamcdn.net/hz/ed/listing-thumb-543w/534ee29427f01b40ebf9950137463f2b/-/horizon-files-prod/ed/picture/qngpddnr/0a40603632c5decdf241130a2a3fe4cf64e4b496.jpg
208,Terrain TFG √† vendre √† Thies,300 m¬≤,Thi√®s Thi√®s,2 500 000 F Cfa,https://i.roamcdn.net/hz/ed/listing-thumb-543w/0b94e2d502846142d68d395fa79b9736/-/horizon-files-prod/ed/picture/qpdw8vd0/11e6a6aec74a43b5c196109872369cbdf79256e0.jpg
209,TERRAIN 150 m2 √Ä VENDRE (GRAND MBAO),150 m¬≤,Mbao Dakar,,https://i.roamcdn.net/hz/ed/listing-thumb-543w/16c3dca206cffc08c011cf47a8de4b6c/-/horizon-files-prod/ed/picture/qpd6zmrm/9916f138fd2c740b3f4d5a6e14e3b3b0da93f551.jpg
210,Terrain d'angle 150 m¬≤ double fa√ßade √† vendre √† ou,150 m¬≤,Ouest foire Dakar,100 000 000 F Cfa,https://i.roamcdn.net/hz/ed/listing-thumb-543w/52150c7f2165664768b33de1d8e51fba/-/horizon-files-prod/ed/picture/qj4qdd4v/e50083e908849a14bdd07b808367454605bd7fd3.jpg
211,Terrain commercial aux HLM de 4 500 m¬≤ √† vendre,"4,500 m¬≤",Hlm Dakar,2 385 000 000 F Cfa,https://i.roamcdn.net/hz/ed/listing-thumb-543w/7a47c85cb3cd29156c8c6fce09b1e1b6/-/horizon-files-prod/ed/picture/qpdm556p/fa931e6171b280ffc366ed2192c03b9ee212243d.jpg
212,TERRAIN 1800M2 COMMERCIAL EN VENTE YOFF DJILY MBAYE,"1,800 m¬≤",Yoff Dakar,1 F Cfa,https://i.roamcdn.net/hz/ed/listing-thumb-543w/cf57a643a0cd1831ad2c275bab8f8916/-/horizon-files-prod/ed/picture/qgqwkke0/ec1d96b5b142d9e93f4cfaf77e5e6429c812aeac.jpg
213,terrains √† vendre √† Niague lac rose.,150 m¬≤,Niague Dakar,5 000 000 F Cfa,https://i.roamcdn.net/hz/ed/listing-thumb-543w/e9158545e929e2b5b27ddad1182de8cc/-/horizon-files-prod/ed/picture/q78wd445/124a4790ed4a01e624eb26ea83b811a9c68ef5bd.jpg
214,Lot de terrain √† Niakoul'Rap,150 m¬≤,Niakoul rap Dakar,7 500 000 F Cfa,https://i.roamcdn.net/hz/ed/listing-thumb-543w/f64e8991d249a402a60f838d14d77d96/-/horizon-files-prod/ed/picture/q566pg70/b09b54d94573eef3baa531a0f02aafc5d256a5d8.jpg
215,Lot de terrain en face cit√© apix tivaouane peulh,150 m¬≤,Tivaouane peulh Dakar,12 500 000 F Cfa,https://i.roamcdn.net/hz/ed/listing-thumb-543w/70a0dfba8bac1a5e17ae0e3a4dcd4012/-/horizon-files-prod/ed/picture/qzvpqwnq/e6b808911bed6a682069d86c35ee08a91c85fbe3.jpg
216,Lot de terrain croisement Niague,150 m¬≤,Niague Dakar,7 000 000 F Cfa,https://i.roamcdn.net/hz/ed/listing-thumb-543w/1f3b2adf00694c62ed6ac110ecc928fb/-/horizon-files-prod/ed/picture/q6xd28gd/7be7e32a3ff1114aa5ce9616e524c50fc8b5b018.jpg
217,Hectares √† vendre DIASS,"1,150,000 m¬≤",Diass Thi√®s,1 F Cfa,https://i.roamcdn.net/hz/ed/listing-thumb-543w/9992213b55bbddbd29f68d150f4acdc3/-/horizon-files-prod/ed/picture/q2j0g82p/f5c316c18fe5d4a6fa5fcb4f4d3cd6e4773db84a.jpg
218,Terrains √† vendre √† Niagues lotissement Millesim,,Niague Dakar,,https://i.roamcdn.net/hz/ed/listing-thumb-543w/c721b02fc140a8c6093930ca96405742/-/horizon-files-prod/ed/picture/qj4qqwd4/2abe853f2d0069cdd3873e7d6d25147e908f6fbf.jpg
219,TERRAINS A VENDRE A cit√© Apix,,Keur Massar Dakar,100 F Cfa,https://i.roamcdn.net/hz/ed/listing-thumb-543w/7d2601ea9355af9767b93eed835c0142/-/horizon-files-prod/ed/picture/qpd65emx/0fc05ace55a759653b24d984934c4361fc017f82.jpg
220,"Terrain (b√¢tisse) 750m2 angle, Cheikh Amar",750 m¬≤,Mamelles Dakar,730 000 000 F Cfa,https://i.roamcdn.net/hz/ed/listing-thumb-543w/6dfb07fbcbf780d2478b902a57e97870/-/horizon-files-prod/ed/picture/qgqw4z2n/58ea80397f460211f6f350fa52175241502078a1.jpg
221,Sipres 2 Terrains vue sur mer/angle,375 m¬≤,Mbao Dakar,80 000 000 F Cfa,https://i.roamcdn.net/hz/ed/listing-thumb-543w/96adbee8a9650a5a689e5c0eb031c147/-/horizon-files-prod/ed/picture/qkr8de5p/a319d50effc036ddf7478b07454d45fd595c996e.jpg
222,Lot de terrains TF √† vendre √† Sangalkam,150 m¬≤,Sangalkam Dakar,8 500 000 F Cfa,https://i.roamcdn.net/hz/ed/listing-thumb-543w/47f44e90ca959f85918693a773b30228/-/horizon-files-prod/ed/picture/qzvd0png/0e8d3584f0c663f7c1960c750516c7a71ec19417.jpg
223,TERRAINS A VENDRE AUX ALMADIES,241 m¬≤,Almadies Dakar,800 000 F Cfa,https://i.roamcdn.net/hz/ed/listing-thumb-543w/790cbb224866408cae2fc68d9ab0097a/-/horizon-files-prod/ed/picture/q78wdzne/6c8a5b992944cc34d10a5ddb7cb70687c67d1c04.jpg
224,Ref_5076_JN Verger de 18.128m¬≤ hectares √† vendre,"18,128 m¬≤",Ziguinchor Ziguinchor,32 500 F Cfa,https://i.roamcdn.net/hz/ed/listing-thumb-543w/69ca70d5e4e25b1f7000cd426abc9648/-/horizon-files-prod/ed/picture/qkr8dj25/981220f00b95bf7e4dfd43d140ca45cb12b0fb67.jpg
225,Terrain Angle de 625m2 Titre foncier √† MBour Thioce Ouest,625 m¬≤,Mbour Thi√®s,65 000 000 F Cfa,https://i.roamcdn.net/hz/ed/listing-thumb-543w/3a54974b05a2a22545114cff2bbeef33/-/horizon-files-prod/ed/picture/qq42k0nw/cc069adab193362feea5332fd4ff42ec011d7ed2.jpg
226,Terrain d'angle √† vendre au point e,654 m¬≤,Point-e Dakar,882 900 000 F Cfa,https://i.roamcdn.net/hz/ed/listing-thumb-543w/0aef0c9a3487f04bb69fd2119fc59db3/-/horizon-files-prod/ed/picture/qq42kjr4/2b0a607658e6c5fd5544d6e8b36386f40be86b04.jpg
227,Terrain bien plac√©,150 m¬≤,Tivaouane peulh Dakar,12 000 000 F Cfa,https://i.roamcdn.net/hz/ed/listing-thumb-543w/bb5ea8c12f414e9e9fc23f6778341159/-/horizon-files-prod/ed/picture/qq42kmvz/0b2f8ec7aeb7890d16659ae5ada803ce37e2d590.jpg
228,Lot de parcelles √† vendre √† ngaparou,,Ngaparou Thi√®s,20 000 000 F Cfa,https://i.roamcdn.net/hz/ed/listing-thumb-543w/c61e1a6ee94239d85cbe39179d91a0c1/-/horizon-files-prod/ed/picture/qenvv784/3083c337584d29b6bb7640a77ccb4b79706ab694.jpg
229,"600m2 √† Toure Mbonde , diourbel",600 m¬≤,Diourbel Diourbel,4 500 000 F Cfa,https://i.roamcdn.net/hz/ed/listing-thumb-543w/3d0e8ae06d341c4136cf9318979d5f3d/-/horizon-files-prod/ed/picture/qzvpqg86/9be0c1c525177ecbe4ebdbecf0f4d2b4572c3be8.jpg
230,Terrain 150m2 kounoune,150 m¬≤,Kounoune Dakar,19 000 000 F Cfa,https://i.roamcdn.net/hz/ed/listing-thumb-543w/36f6b0cf00ae853f1fb69f7567bb93a3/-/horizon-files-prod/ed/picture/q9mjdej8/1cfd7696adc2584d4173bab8716c2837772e49a6.jpg
231,Terrain 900m2 sur la route nationale Station Total Gandigal,900 m¬≤,Gandigal Thi√®s,95 000 000 F Cfa,https://i.roamcdn.net/hz/ed/listing-thumb-543w/1b102856c417206aba7206358590f83b/-/horizon-files-prod/ed/picture/qm5gk8xw/873d034a027778d008226a78b9ecdaba0ce733d3.jpg
232,Terrain √† vendre √† THIES,210 m¬≤,Thi√®s Thi√®s,500 000 F Cfa,https://i.roamcdn.net/hz/ed/listing-thumb-543w/e6facc56fa043ce42314e71d17d74960/-/horizon-files-prod/ed/picture/q9m07ne7/ecf7d5b2f558552dabd92b10fae7b847f8887b19.jpg
233,TERRAIN A VENDRE NDAYANE ET KEUR MOUSSA,225 m¬≤,Thi√®s Thi√®s,5 500 000 F Cfa,https://i.roamcdn.net/hz/ed/listing-thumb-543w/a180f2ea50b62d41998b7662f0189e2e/-/horizon-files-prod/ed/picture/qj4qpk9e/76b2221922acc4a4674a5adf9ea9e7351c30c434.jpg
234,Terrain 1 hectare √† vendre √† Diamniadio,"10,000 m¬≤",Rufisque Dakar,550 000 000 F Cfa,https://i.roamcdn.net/hz/ed/listing-thumb-543w/7a4ebb0efee2f6ff1372a2c9506f6623/-/horizon-files-prod/ed/picture/migrated/qn9vkdk/28811bb399186b3c87dcfb3650c63a2e5468989a.jpg
235,Terrain angle 150m2 √† vendre √† kounoune,150 m¬≤,Almadies 2 Dakar,15 000 000 F Cfa,https://i.roamcdn.net/hz/ed/listing-thumb-543w/f3dfc380f6777c748eb6497ab746b281/-/horizon-files-prod/ed/picture/q9mj66nw/0707da37f72604e74a728fc7a8e28a475f7cbe79.jpg
236,BELLE OFFRE DE TERRAIN AUX ALMADIES,824 m¬≤,Almadies Dakar,750 000 F Cfa,https://i.roamcdn.net/hz/ed/listing-thumb-543w/265dae6b90b76ed20ca67c37ef2bfad3/-/horizon-files-prod/ed/picture/qv4w02e2/c41ee38d0c2c51438842072877b11a54870b4d5e.jpg
237,Terrain 170m2 √† vendre √† zac mbao,170 m¬≤,Zac Mbao Dakar,50 000 000 F Cfa,https://i.roamcdn.net/hz/ed/listing-thumb-543w/b8f77d21f7c045e338c5c70c9831f421/-/horizon-files-prod/ed/picture/q6xdddpg/e7696afec84ab719106155bd77e6bb4ef8d4a245.jpg
238,Terrain pied dans l‚Äôeau √† vendre aux √Æles saloum,,Autres Autres,30 000 F Cfa,https://i.roamcdn.net/hz/ed/listing-thumb-543w/f0590fb9ca94d4717b4e7d24262cc9e6/-/horizon-files-prod/ed/picture/q8v5wrd6/30aa743c1d04d61370859ddb296bea84ab242cbf.jpg
239,Lot de terrains √† vendre aux √Æles du saloum,500 m¬≤,Ndangane Sine saloum,5 000 000 F Cfa,https://i.roamcdn.net/hz/ed/listing-thumb-543w/39b0aca678d1be1d0ef37cc929098246/-/horizon-files-prod/ed/picture/qdekve9j/96532ed93de9a8b705385ebf3cd10533a112c4d3.jpg
240,Ref_5077_GL Grand Terrain √† Vendre √† Cap Skirring,"16,000 m¬≤",Cap Skirring Ziguinchor,528 000 000 F Cfa,https://i.roamcdn.net/hz/ed/listing-thumb-543w/ae486846748aefcbb0d9fa94c8e0acd1/-/horizon-files-prod/ed/picture/q44nwdp9/37cc08a7bd00175b20ca82b35204bb3bd3df97b6.jpg
241,Terrains √† vendre √† Somone,300 m¬≤,Somone Thi√®s,13 000 000 F Cfa,https://i.roamcdn.net/hz/ed/listing-thumb-543w/7e8d5fd61b2518b7183778dee49cb968/-/horizon-files-prod/ed/picture/qwep0274/75e4ccc4fefaa2cf19e120d3aafea97f7b760a15.jpg
242,Terrain √† Vendre √† Somone,225 m¬≤,Somone Thi√®s,12 000 000 F Cfa,https://i.roamcdn.net/hz/ed/listing-thumb-543w/34a490e6647b7906fb681d88bd79855f/-/horizon-files-prod/ed/picture/qde7mk82/d920dbd590ed5f91ef57805940f8b09362059eb6.jpg
243,Terrain nu 300m2 √† vendre √† Ouakam,,Ouakam Dakar,120 000 000 F Cfa,https://i.roamcdn.net/hz/ed/listing-thumb-543w/3eaf52570f8e6be4e356386b86d3641c/-/horizon-files-prod/ed/picture/q6xd8kg6/fb2366a90a02b3f8b583b8e8e4148aab916beb5b.jpg
244,Terrain 4ha en premi√®re position niakhirate,"40,000 m¬≤",Ndiakhirate Dakar,1 F Cfa,https://i.roamcdn.net/hz/ed/listing-thumb-543w/577a2205757c48e8d3ef3f378e6daf04/-/horizon-files-prod/ed/picture/q2jqdp96/8fe742a00508c53e08e1f712ff7e7d51aa0a389a.jpg
245,Terrain 300m2 √† y√®ne noukhoura,300 m¬≤,Yene Dakar,6 000 000 F Cfa,https://i.roamcdn.net/hz/ed/listing-thumb-543w/f751c4179d743ce5a7a2fb2c9ccd1b2f/-/horizon-files-prod/ed/picture/qqvx724/54953a504c440df1b912e15bc5cbae8aef6972ac.jpg
246,Terrain bail √† vendre √† Saly,600 m¬≤,Saly Thi√®s,50 000 000 F Cfa,https://i.roamcdn.net/hz/ed/listing-thumb-543w/68c41dfcbdc0e203eecaa3b0227b7896/-/horizon-files-prod/ed/picture/qv4w5d72/71889839ebe232d7e4f93deae6c12b32424ce8a4.jpg
247,Terrain de 300m2 a malicouda,300 m¬≤,Mbour Thi√®s,3 000 000 F Cfa,https://i.roamcdn.net/hz/ed/listing-thumb-543w/1db4ae63814fa3de4fd95e52b5069502/-/horizon-files-prod/ed/picture/qj4r7j2e/9a0245d90b35b87e61d31b9093c66fb93e9df447.jpg
248,Terrain de 5 ha √† vendre √† Louly dia,,Autres Autres,330 000 000 F Cfa,https://i.roamcdn.net/hz/ed/listing-thumb-543w/81f6012896afb210c361e7a3bd6b9e79/-/horizon-files-prod/ed/picture/qpdmrgrm/f173c3242434be382b24695cb1d8f419928910bb.jpg
249,Kafountine,800 m¬≤,Diouloulou Ziguinchor,5 000 000 F Cfa,https://i.roamcdn.net/hz/ed/listing-thumb-543w/5d1d9840aef4e6562606305337de07bf/-/horizon-files-prod/ed/picture/q78w4j4m/8946e8093c6381a51b6fcd06dd3c380ffb8a88ad.jpg
250,Terrain de 150m2 aux Mamelles,150 m¬≤,Mamelles Dakar,,https://i.roamcdn.net/hz/ed/listing-thumb-543w/9a84acdafa23f3e3f964f7cd69503282/-/horizon-files-prod/ed/picture/qenvzr46/74e846e2021a995553eebf09a2b2b1e967e93c82.jpg
251,Terrain a vendre a Hangar P√®lerins,150 m¬≤,Yoff Dakar,,https://i.roamcdn.net/hz/ed/listing-thumb-543w/9ea7089ce475b6990583ef66ca0c9a6f/-/horizon-files-prod/ed/picture/qzvpw8mg/de6bc80c26ba76d96b94ff21b363408c44199eb3.jpg
252,Terrain Socabeg a Keur Massar,150 m¬≤,Keur Massar Dakar,9 000 000 F Cfa,https://i.roamcdn.net/hz/ed/listing-thumb-543w/8968b7c320b95dda2655b4c9cdb4cf91/-/horizon-files-prod/ed/picture/qgqw7w9m/02988c3f288b50e14f23c1c9093655e8c54d40ec.jpg
253,Terrain tr√®s plac√© Almadie 2,,Almadies 2 Dakar,40 000 000 F Cfa,https://i.roamcdn.net/hz/ed/listing-thumb-543w/a7b2276ac4152a6728692401f6d188b9/-/horizon-files-prod/ed/picture/qrz8kwqm/f632c9ed2daff5304a7948afe1c6afb626a786a6.jpg
254,Terrains √† vendre √† kounoune,,Kounoune Dakar,15 000 000 F Cfa,https://i.roamcdn.net/hz/ed/listing-thumb-543w/4d550f318e190fc087db83810216dc11/-/horizon-files-prod/ed/picture/qpdm58r4/6df06c768107f69c6d86fb9f7cb30578452e6d9c.jpg
255,Opportunit√© rare 6 hectares de terrain √† vendre √† Mbambilor,"65,000 m¬≤",Bambilor Dakar,500 000 000 F Cfa,https://i.roamcdn.net/hz/ed/listing-thumb-543w/921bae4de7fe27098b8c3812ec4c15d8/-/horizon-files-prod/ed/picture/q9mj272x/c5ce925cfdb9d55fefd37d5a1b1327ce0beda37c.png
256,Wanter : √Ä vendre : Lot de terrains √† Niague,,Niague Dakar,5 000 000 F Cfa,https://i.roamcdn.net/hz/ed/listing-thumb-543w/ce69c358c2be48ce08cd28f7111896c7/-/horizon-files-prod/ed/picture/qgqw7p8m/8a623468bf9d1fec56d57c9e2e07a3ae8727b225.jpg
257,Terrain de 200m2 tf sis aux Almadies (Socabeg),200 m¬≤,Almadies Dakar,160 000 000 F Cfa,https://i.roamcdn.net/hz/ed/listing-thumb-543w/82ae248b6c639b63e599208e530bd3c8/-/horizon-files-prod/ed/picture/qq42x9e4/03a20ac798dbeeedb5f587f8afe2862e0e38c6dd.jpg
258,Terrain √† vendre sur la corniche de Fann Residence,,Fann Dakar,2 672 000 000 F Cfa,https://i.roamcdn.net/hz/ed/listing-thumb-543w/475f5b2af71997b0f9d917d8c1fc0c20/-/horizon-files-prod/ed/picture/q6xd8n9j/c4bc298157f49d89d23166f7a3b7aa7d914a49c2.jpg
259,Terrain sur la VDN3 - Mutuelle des Douanes,150 m¬≤,Guediawaye Dakar,29 500 000 F Cfa,https://i.roamcdn.net/hz/ed/listing-thumb-543w/5da24565108b029c3ed60ac3cb6e4ef3/-/horizon-files-prod/ed/picture/qenv2qn2/64cb793e581831e8fee68ace0e7c9960d638ffa1.jpg
260,Terrain de 212m2 bail sis aux almadies( recasement1),212 m¬≤,Almadies Dakar,130 000 000 F Cfa,https://i.roamcdn.net/hz/ed/listing-thumb-543w/3400298d240e934f68af91cd76c3ae13/-/horizon-files-prod/ed/picture/qwep0gvm/e2f1c809416bfd5069c1cd966aa34ce7250f4042.jpg
261,Terrain √† Diamniadio 150m¬≤ Bail,150 m¬≤,Diamniadio Dakar,5 500 000 F Cfa,https://i.roamcdn.net/hz/ed/listing-thumb-543w/b2e3a5b3d6c828d2f0f11cf0c2722d6d/-/horizon-files-prod/ed/picture/qrz8k694/8626b66a1eedf037c2e87feba8ef9c02f996a3ff.jpg
262,Terrain de 1000 bail sis aux mamelles,"1,000 m¬≤",Mamelles Dakar,575 000 000 F Cfa,https://i.roamcdn.net/hz/ed/listing-thumb-543w/78faa1b763ba0f5e5f122a49761fd482/-/horizon-files-prod/ed/picture/q56dq9e2/fa283772547aa1df3a10697fa2221ab134050208.jpg
263,TERRAIN COMMERCIAL AUX ALMADIES,604 m¬≤,Almadies Dakar,1 100 000 000 F Cfa,https://i.roamcdn.net/hz/ed/listing-thumb-543w/19f9cbcf90c8fcc3ad016f5e4e13b051/-/horizon-files-prod/ed/picture/qzvpwznk/7f4637dabe8b9aca771ed95b64a337825919df8f.jpg
264,Vente de terrain d√©j√† cl√¥tur√©,700 m¬≤,Mbour Thi√®s,80 000 000 F Cfa,https://i.roamcdn.net/hz/ed/listing-thumb-543w/d96a69d2b45be4c75df1d8cb26d473a9/-/horizon-files-prod/ed/picture/qngp874r/e30cc2a1e6ad7ec42b9ab4541d86a2e48af70d5c.jpg
265,Opportunit√© Terrain Almadies,200 m¬≤,Almadies Dakar,160 000 000 F Cfa,https://i.roamcdn.net/hz/ed/listing-thumb-543w/c20f0a3c528739b31541a7154fb6b4fa/-/horizon-files-prod/ed/picture/q8v4rk0r/8b0770ace35edc5f6bcd9080f0e4a3c2391830ab.jpg
266,Terrain TF √† SOCABEG NGOR-ALMADIES,250 m¬≤,Almadies Dakar,200 000 000 F Cfa,https://i.roamcdn.net/hz/ed/listing-thumb-543w/6d3da4d6fbd9c4ca560b4b2ccff94467/-/horizon-files-prod/ed/picture/q44n2qde/b99dd223e102bd7fe239a8c67bbdc7233363b5ed.jpg
267,Terrain de 2702 m¬≤ commercial aux mamelles,"2,702 m¬≤",Mamelles Dakar,4 053 000 000 F Cfa,https://i.roamcdn.net/hz/ed/listing-thumb-543w/e4bd637452caed81869f94227aefce6e/-/horizon-files-prod/ed/picture/q44n22n9/56cbc67e7ffd61ec05a801656d33e715e9ab1a1b.jpg
268,Terrain 150m¬≤ Almadies 2,150 m¬≤,Almadies 2 Dakar,45 000 000 F Cfa,https://i.roamcdn.net/hz/ed/listing-thumb-543w/056eb370b0cda6d6d3621874161e3b72/-/horizon-files-prod/ed/picture/q6xdmm78/e51bd2a17196bb622b96e542266007e11a53e231.jpg
269,Bail 192 m¬≤ Gadaye,192 m¬≤,Guediawaye Dakar,45 000 000 F Cfa,https://i.roamcdn.net/hz/ed/listing-thumb-543w/b662eb3d51882e28b345e9d6fc17be24/-/horizon-files-prod/ed/picture/qv4ejn4v/9cfe2793f8d673a0eb6c2e95a10b115aa4c6e5fc.jpg
270,Terrain √† vendre bayakh,"1,500 m¬≤",Sicap Sacr√©-c≈ìur Dakar,3 000 000 F Cfa,https://i.roamcdn.net/hz/ed/listing-thumb-543w/9d12603399d0d73f6a022968e45cfa88/-/horizon-files-prod/ed/picture/q56dqze6/4573dc645d93426e924f45f941d252f1f52a8f12.jpg
271,Terrain √† vendre √† Ndiakhirate,150 m¬≤,Ndiakhirate Dakar,18 000 000 F Cfa,https://i.roamcdn.net/hz/ed/listing-thumb-543w/288d14334d14c8e9a4c33ab2bae1084d/-eyJvciI6MjcwfQ%3D%3D/horizon-files-prod/ed/picture/q8v4kwwz/3feee5896fb17adf7999f40f06611e5ff13d5d82.jpg
272,TERRAIN 150 M2 √Ä VENDRE √Ä NIAGUE,150 m¬≤,Ouest foire Dakar,5 500 000 F Cfa,https://i.roamcdn.net/hz/ed/listing-thumb-543w/e8b82313b7cdd4cdb4b1d2c32a94c212/-/horizon-files-prod/ed/picture/qpdmn4kv/5d9fc49c0a0dea5f0620a13532a42fb7831aeac2.jpg
273,Terrain 2ha en deliberation,"20,000 m¬≤",Notto Thi√®s,25 000 000 F Cfa,https://i.roamcdn.net/hz/ed/listing-thumb-543w/21f658bf9370801f799e856b1ead8690/-/horizon-files-prod/ed/picture/q56dqdmn/6bad88713accf397efa88d0668f43b62e266f038.jpg
274,"Terrain √† vendre TF au rond-point Mamelles, Ouakam","2,539 m¬≤",Ouakam Dakar,2 539 000 000 F Cfa,https://i.roamcdn.net/hz/ed/listing-thumb-543w/d8aa8e2b8f6bac6bf86b7e9765a7182d/-/horizon-files-prod/ed/picture/qwep0je6/4257fc01efdf2020c52f02e8508605e6c5158839.png
275,TERRAIN DE 150m2 TF KOUNOUN CIT√â AWO DIA,150 m¬≤,Kounoune Dakar,15 000 000 F Cfa,https://i.roamcdn.net/hz/ed/listing-thumb-543w/ae0ba6e782b7dbdf25d1ab4b87597fd2/-/horizon-files-prod/ed/picture/qpdmr2mm/638948501eaf7bbd46641aa153acd7a20be24d18.jpg
276,Terrains a vendre a Nguerigne,793 m¬≤,Nguering Thi√®s,44 000 000 F Cfa,https://i.roamcdn.net/hz/ed/listing-thumb-543w/95e6d944ca34d5bceea0ae5b6e9ad8d3/-/horizon-files-prod/ed/picture/qgqwken8/80c1b7f9aab87ea6d0724d2aa2b339e477c96f7a.jpg
277,Terrains √† vendre √† Malika,,Pikine Dakar,10 000 000 F Cfa,https://i.roamcdn.net/hz/ed/listing-thumb-543w/a63fe853e8012cb125869bc7f163886a/-/horizon-files-prod/ed/picture/migrated/qm6pzz9/0629bc757b5d5acb77de42cb7ef846f3d0cad8b0.jpg
278,Lots de terrains de 500m2 √† vendre pour usage agricole,500 m¬≤,Mboro Thi√®s,899 000 F Cfa,https://i.roamcdn.net/hz/ed/listing-thumb-543w/a8dd314d8cb6505aa2c687cb765634e9/-/horizon-files-prod/ed/picture/qdekvkr5/7b76986980e686f9237d65dec36db9a686d8728f.jpg
279,Lot de Terrains de 225 M¬≤ √† Djibril Mbengue,225 m¬≤,Thi√®s Thi√®s,600 000 F Cfa,https://i.roamcdn.net/hz/ed/listing-thumb-543w/29b64e16e62cb6ea02f2870c5fa3e3ba/-/horizon-files-prod/ed/picture/qrz8m0rm/9661bf236daae7d6610961c9085e75d58c7508eb.jpg
280,Terrains TF a vendre sur la VDN,,VDN Dakar,,https://i.roamcdn.net/hz/ed/listing-thumb-543w/9f7a7854f4be7fa0572e123c4ee32f82/-/horizon-files-prod/ed/picture/q0g7vzde/87a4f984c66fd2d256f22fa3c2f5a143859c7440.jpg
281,Des terrains Tf a la vendre a la Cit√© Tako,,Rufisque Dakar,,https://i.roamcdn.net/hz/ed/listing-thumb-543w/6ac6d637912dff061d2b645335d08d29/-/horizon-files-prod/ed/picture/qm5gq4d6/71c7f3a8c45cfb696fa78dccd14b133c4eeb32bd.jpg
282,Lot de terrains a vendre a prix cass√© a Ngaparou,,Ngaparou Thi√®s,,https://i.roamcdn.net/hz/ed/listing-thumb-543w/0f58d739c4207dd17c55ac0ef995e28a/-/horizon-files-prod/ed/picture/qm5gqdv9/f198f5063804a8025379ad45f0034f96989a97d5.jpg
283,Vend 1ha de 2000 pieds de papayers,,Diender Thi√®s,30 000 000 F Cfa,https://i.roamcdn.net/hz/ed/listing-thumb-543w/cf68c660a4c920611f46366d6b9366a5/-/horizon-files-prod/ed/picture/q6xdvw98/f09c82d386bd77e3fa2f2269ac58c0e2f22504e2.jpg
284,Titre Foncier Kounoune,150 m¬≤,Kounoune Dakar,13 000 000 F Cfa,https://i.roamcdn.net/hz/ed/listing-thumb-543w/7cb6a6191f5742605ea8af9d21b0db20/-/horizon-files-prod/ed/picture/qwep0895/1cb4eac6748c96755fb2f51421d2c14d470e37dc.jpg
285,5 hectares √† vendre entre Saou et Diambalo,,Mboro Thi√®s,99 000 000 F Cfa,https://i.roamcdn.net/hz/ed/listing-thumb-543w/4c75c7b2ab105ceabbfcbe90d15f60dd/-/horizon-files-prod/ed/picture/qde70dw2/31e95034c59438ed87ef149a84b70d63c12f70b2.jpg
286,Terrains Titre foncier individuel,150 m¬≤,Keur Massar Dakar,22 000 000 F Cfa,https://i.roamcdn.net/hz/ed/listing-thumb-543w/2a9174edc2b5b557e683450d0c4d848c/-/horizon-files-prod/ed/picture/q785mvkn/b5ab465e4044ff47f6e32944b55d4f7116ee33ba.jpg
287,Terrain de 303 m2 √† vendre sipres cap des biches,303 m¬≤,Mbao Dakar,50 000 000 F Cfa,https://i.roamcdn.net/hz/ed/listing-thumb-543w/a02d2654a661f94abbb059cd689603b7/-/horizon-files-prod/ed/picture/qrz8k2e2/b3073bf00d20b36f923f88a43a2f56f6597887d8.jpg
288,"Terrain 180m2 (12,53mx14.35m) aux Almadies Recasement 2",180 m¬≤,Almadies Dakar,120 000 000 F Cfa,https://i.roamcdn.net/hz/ed/listing-thumb-543w/c6c799723a6b2b7edb95f4f03332119d/-/horizon-files-prod/ed/picture/qrz8mm2n/29eef3841bf9af51389abd70fd768d4ceb91ef01.jpg
289,TERRAIN A VENDRE AU POLE URBAIN DIAMNIADIO,150 m¬≤,Diamniadio Dakar,13 500 000 F Cfa,https://i.roamcdn.net/hz/ed/listing-thumb-543w/2b883d51fdc1f255ebc0e3d55b66b325/-/horizon-files-prod/ed/picture/qzvpqgqq/b6442e7f1ae28aebdc49f15d4e5c625440579745.jpg
290,Terrain a vendre a Keur Mbaye Fall,150 m¬≤,Keur Massar Dakar,37 000 000 F Cfa,https://i.roamcdn.net/hz/ed/listing-thumb-543w/3b8cdc7a4377c11cfeea0ad7214ac2e2/-/horizon-files-prod/ed/picture/qrz8676j/928359af24ae603220cfc9e33cc51b795b3cf758.jpg
291,Ref_5078_GL Terrain √† vendre √† libert√© 5,300 m¬≤,Liberte 5 Dakar,270 000 000 F Cfa,https://i.roamcdn.net/hz/ed/listing-thumb-543w/0851da05b0083d946275a715226a0211/-/horizon-files-prod/ed/picture/q44nw9de/e31dbe9ba10bcfc8e4d79c79ad516111519b520a.jpg
292,Ref_5079_GL Terrain √† vendre √† rebeus,700 m¬≤,M√©dina Dakar,1 500 000 000 F Cfa,https://i.roamcdn.net/hz/ed/listing-thumb-543w/5bad11a0e8de9e9257cea7194b505376/-/horizon-files-prod/ed/picture/qgqw7r99/6edaa3be74564e821ef2e9c630ece48aba58a3e3.jpg
293,Ref_5080_GL Terrain √† vendre √† rebeus,667 m¬≤,M√©dina Dakar,1 000 000 000 F Cfa,https://i.roamcdn.net/hz/ed/listing-thumb-543w/4cb09d65826bd456d3aedf727bca8eec/-/horizon-files-prod/ed/picture/qpdmr960/201d24afd5f42b4b67e77e2e95c5a1edde414355.jpg
294,TERRAIN TF 300 m2 ZAC MBAO,300 m¬≤,Zac Mbao Dakar,60 000 000 F Cfa,https://i.roamcdn.net/hz/ed/listing-thumb-543w/7c3ca28e77e9d1b58bf4f2472fa65e96/-/horizon-files-prod/ed/picture/qxjp9m8j/b55587470a99472173b3880587ed56aed25f85f7.jpg
295,Terrain 725 M¬≤ √† Dakar,725 m¬≤,Hann Bel-Air Dakar,950 000 000 F Cfa,https://i.roamcdn.net/hz/ed/listing-thumb-543w/614202291b3d23e9f4b5a0960ba7feed/-/horizon-files-prod/ed/picture/q56d8240/3d5e5de63b799c1078a09acbaa5443713b0ad03e.jpg
296,Terrain Zac mbao,150 m¬≤,Sicap foire Dakar,20 000 000 F Cfa,https://i.roamcdn.net/hz/ed/listing-thumb-543w/717e64c09449ae938210de83e1a8c04e/-/horizon-files-prod/ed/picture/qj4q9g5e/1119fb092e865fce38364726f7e33e2006933d58.jpg
297,TERRAIN DE 150 m2 ZAC MBAO,150 m¬≤,Zac Mbao Dakar,40 000 000 F Cfa,https://i.roamcdn.net/hz/ed/listing-thumb-543w/c5296f0accdd721fab70bc4965bf8749/-/horizon-files-prod/ed/picture/q9m940gp/831eeeb444cfebd6c63acd6dab2fc145711d89ab.jpg
298,TERRAIN DE 150 m2 √Ä ZAC MBAO,150 m¬≤,Zac Mbao Dakar,40 000 000 F Cfa,https://i.roamcdn.net/hz/ed/listing-thumb-543w/513d06b5dc1b1eb43aac7b47931864de/-/horizon-files-prod/ed/picture/qngxmzme/e541bf6e5a14fbc9440479d0b3c7efd134b3c960.jpg
299,Terrain cl√¥tur√© 882 m¬≤ NICAD √† Nguerigne,882 m¬≤,Nguering Thi√®s,30 000 000 F Cfa,https://i.roamcdn.net/hz/ed/listing-thumb-543w/fde48524b8cca35a0514da4b40982ad0/-/horizon-files-prod/ed/picture/qxjpn6n4/129db81cfbc6438b65c3b8e225651aadc64e5fd3.jpg
300,Terrain commercial ideal pour tout projet immobilier,"1,625 m¬≤",Almadies Dakar,2 437 500 000 F Cfa,https://i.roamcdn.net/hz/ed/listing-thumb-543w/7c66a6faef4aedd06c7bb849460c0960/-/horizon-files-prod/ed/picture/q56d6e57/f33ea0cb00f5665af731d94c5a342cbf78279e7a.jpg
301,Terrain double fa√ßade 224 m¬≤ Mermoz,224 m¬≤,Mermoz Dakar,170 000 000 F Cfa,https://i.roamcdn.net/hz/ed/listing-thumb-543w/682369d85faee69122a2a85e4e5c6adf/-/horizon-files-prod/ed/picture/q56dqx40/c1ec1267a296a0fdf214c491cf4a24863343331b.jpg
302,Terrain de 900 m√®tres carr√©s √† vendre au point e.,900 m¬≤,Point-e Dakar,990 000 000 F Cfa,https://i.roamcdn.net/hz/ed/listing-thumb-543w/a00e3e875710c28fbb5f0fa4fdb9adaf/-/horizon-files-prod/ed/picture/qq42kq9e/6b2df709499e504214b38d7a6db3e821476aa970.png
303,Position commerciale Almadies,"1,626 m¬≤",Almadies Dakar,2 435 000 000 F Cfa,https://i.roamcdn.net/hz/ed/listing-thumb-543w/b198f2b27c3af086a37ab474dcf8b314/-/horizon-files-prod/ed/picture/qq425g2z/a2cc1e8e83e097e9f40de6ab5361826613137596.jpg
304,Opportunit√©s King fahd Almadies,"2,000 m¬≤",Almadies Dakar,2 000 000 000 F Cfa,https://i.roamcdn.net/hz/ed/listing-thumb-543w/c5fafb93c6600b3b97e29b0120d3189b/-/horizon-files-prod/ed/picture/qpdm0k22/f68c7baf29bda98c4b522c3c6781162c5de43e83.jpg
305,TERRAINS AUX PARCELLES ASSAINIES DE KOUNOUNE 3,150 m¬≤,Kounoune Dakar,9 500 000 F Cfa,https://i.roamcdn.net/hz/ed/listing-thumb-543w/41ab8bc00c4332be770882717a61232a/-/horizon-files-prod/ed/picture/qwep06jz/6a3933b5b5ca6e1a7da51d911d5df88aa0388ec8.jpg
306,Vente Terrain √† Ndayane,"1,304 m¬≤",Ouest foire Dakar,35 000 000 F Cfa,https://i.roamcdn.net/hz/ed/listing-thumb-543w/01d30afff58716e9481f6d2a14a71cd6/-/horizon-files-prod/ed/picture/qde7mpe0/1be296e918890247baae1da83951cfac3ab9b1a3.jpg
307,Terrains √† vendre,"-50,000 m¬≤",Ndangane Sine saloum,500 000 000 F Cfa,https://i.roamcdn.net/hz/ed/listing-thumb-543w/587dadf36749e8507f4f0c21872e9326/-/horizon-files-prod/ed/picture/q56dq0rg/de645bd923c99768e64abac69c4a79d07b3dfc54.jpg
308,Terrain de 5 hectares a thi√®s,"50,000 m¬≤",Thi√®s Thi√®s,30 000 000 F Cfa,https://i.roamcdn.net/hz/ed/listing-thumb-543w/5c067edd428ff2774ee5324e13d71d60/-/horizon-files-prod/ed/picture/q4487rvm/5d6cebf9e4daf141776e019c7ff2b7abb6f85c7f.jpg
309,TERRAINS VIABILISES TITRE FONCIER A VENDRE A TIVAOUNE PEUL,150 m¬≤,Tivaouane peulh Dakar,12 000 000 F Cfa,https://i.roamcdn.net/hz/ed/listing-thumb-543w/53868dae1acd044ef54a334da3cc0454/-/horizon-files-prod/ed/picture/qwep9q8k/03421aa5045997f7cd1fc55ad57cc04cf559df09.jpg
310,Terrain √† vendre,450 m¬≤,Lac Rose Dakar,12 000 000 F Cfa,https://i.roamcdn.net/hz/ed/listing-thumb-543w/1736c550837e1a80f84afe772ee8dae8/-/horizon-files-prod/ed/picture/q56dqj66/94973b4f948575d7db7cc8c9ebe062a29fda3e41.jpg
311,Terrain a vendre bambilor,150 m¬≤,Bambilor Dakar,5 000 000 F Cfa,https://i.roamcdn.net/hz/ed/listing-thumb-543w/de374f4cee0e96d572cdbe1f7001263d/-/horizon-files-prod/ed/picture/qm5gqp8q/04262e17649b5c159f0988843f73c5c81019f403.jpg
312,TERRAINS CROISEMENT APIX,150 m¬≤,Tivaouane peulh Dakar,12 000 000 F Cfa,https://i.roamcdn.net/hz/ed/listing-thumb-543w/98228c8712bab062847f37b4309ce372/-/horizon-files-prod/ed/picture/qngp8gwe/358931112b29c2f0e14b73aaf23da6aab2011a12.jpg
313,Terrains √† vendre √† Diass par moratoire,225 m¬≤,Diass Thi√®s,2 000 000 F Cfa,https://i.roamcdn.net/hz/ed/listing-thumb-543w/6ef815392a66f7e1ef471ee8a48f2b43/-/horizon-files-prod/ed/picture/q0g7vrzd/0cc2f82221c1d00aba257d30075db5f19dd6f719.jpg
314,Terrain √† vendre Rufisque,"11,227 m¬≤",Rufisque Dakar,1 684 050 000 F Cfa,https://i.roamcdn.net/hz/ed/listing-thumb-543w/5bfa1026c9824c5884449959382d7a97/-/horizon-files-prod/ed/picture/qpdw4r2j/ccb89021944689172c396f0b0bff233dd5ea96d2.jpg
315,Bambilor 90 hectares de terrain en titre foncier individuel,,Bambilor Dakar,,https://i.roamcdn.net/hz/ed/listing-thumb-543w/d487d5d52369ea6f806cfdf81755e74d/-/horizon-files-prod/ed/picture/qq42x0k7/c6447df82c366f8c6c77eacf9ffa011ec28a73bd.jpg
316,Terrain √† vendre derri√®re la lagune de somone,300 m¬≤,Somone Thi√®s,2 500 000 F Cfa,https://i.roamcdn.net/hz/ed/listing-thumb-543w/95358da57e102282ca506b8037bdf7d7/-/horizon-files-prod/ed/picture/q56dzm67/d01b76dd734181c634a7dd6cb529416a0ab14e13.jpg
317,THIES 300M2 TF A VENDRE,300 m¬≤,Thi√®s Thi√®s,17 000 000 F Cfa,https://i.roamcdn.net/hz/ed/listing-thumb-543w/adc112edeafa6cffee5cdd15a57e267a/-/horizon-files-prod/ed/picture/qmx8r66/b818f4a45ca50c7386e3dd80c042e5576640f314.jpg
318,VIRAGE 732M2 ANGLE PIEDS DANS L'EAU A VENDRE,732 m¬≤,Virage Dakar,900 000 000 F Cfa,https://i.roamcdn.net/hz/ed/listing-thumb-543w/6f6e10188a379a5b6677f7ed5c369ee0/-/horizon-files-prod/ed/picture/qe0g58k/509425aee9cff73618b65ca050dcc6492cfcbefc.jpg
319,SOMONE TERRAIN 300M2 A VENDRE,300 m¬≤,Somone Thi√®s,17 000 000 F Cfa,https://i.roamcdn.net/hz/ed/listing-thumb-543w/4f5869b1f6caf8a73b746e4372eff4e0/-/horizon-files-prod/ed/picture/migrated/q959jex/761754805e4ed41173f96581dd60b90b7fbee8a3.jpg
320,Terrains agricoles de plus de 50 hectares √† vendre,,Mboro Thi√®s,2 499 500 F Cfa,https://i.roamcdn.net/hz/ed/listing-thumb-543w/2f65616807131d868bc8654f17901523/-/horizon-files-prod/ed/picture/qxjp9r7w/764ae1ee61a182770222cfa7c4e149e366646488.jpg
321,Terrain bien plac√© √† Keur Massar,150 m¬≤,Keur Massar Dakar,10 000 000 F Cfa,https://i.roamcdn.net/hz/ed/listing-thumb-543w/97b2d97bc47514803e44191e7c04431e/-/horizon-files-prod/ed/picture/q9mj247n/f1959e88ede5566f06142aba2c69e7b521f7102a.jpg
322,Ref_ 5089_GL Terrain commercial √† vendre en face LGI de mbao,200 m¬≤,Mbao Dakar,90 000 000 F Cfa,https://i.roamcdn.net/hz/ed/listing-thumb-543w/f9a6d1d60253cad2d7f473830df0f23b/-/horizon-files-prod/ed/picture/q9mjxe47/082982bca6a3d622365cc5b471aef4b890f52220.png
323,Terrain agricole a vendre,,Mboro Thi√®s,4 499 500 F Cfa,https://i.roamcdn.net/hz/ed/listing-thumb-543w/8507bc6d5348f0f14324ec204bd6825a/-/horizon-files-prod/ed/picture/qngp86qg/40b226e03b478b0230cabdbd00f480b9d6a0e738.jpg
324,Ref_5082_JN Verger √† vendre √† Ziguinchor,"18,128 m¬≤",Ziguinchor Ziguinchor,32 500 F Cfa,https://i.roamcdn.net/hz/ed/listing-thumb-543w/6c04ad78530dd17b1d8f58c9b5431ebf/-/horizon-files-prod/ed/picture/q9mjxpxw/5a87bdae3230a067634acba3d92ab560799436b2.jpg
325,Terrains √† vendre √† Ndiakhirate sur 24 mois,150 m¬≤,Ndiakhirate Dakar,14 000 000 F Cfa,https://i.roamcdn.net/hz/ed/listing-thumb-543w/833ca72b2ada4c880e123c195c0ed384/-/horizon-files-prod/ed/picture/qq42gmme/9f8285865319d0162ff82060421195601f3ddbd9.jpg
326,2 parcelles √† vendre √† c√¥t√© pointe sarene,842 m¬≤,Pointe sarrene Thi√®s,11 000 000 F Cfa,https://i.roamcdn.net/hz/ed/listing-thumb-543w/2bd13855ba3ec53a301a00c9df817b94/-/horizon-files-prod/ed/picture/q9mjngx0/9b0fbead8bf60bb84caa69c5d7a05f5bbd4845fe.png
327,Lot de 500 parcelles √† colobane tanghor,,Thi√®s Thi√®s,750 000 F Cfa,https://i.roamcdn.net/hz/ed/listing-thumb-543w/e5024db18a25a63d7ad3e39483585543/-/horizon-files-prod/ed/picture/qzvpx58k/14669e1d5b783ebd4470e6c3a18f6db4cebefbdf.png
328,Des terrain √† vendre sur THIES,225 m¬≤,Thi√®s Thi√®s,,https://i.roamcdn.net/hz/ed/listing-thumb-543w/dfce3e6c0f9e332e4da9570369452a02/-/horizon-files-prod/ed/picture/q9mj6k70/449071b2b3fce7b011f7f1770ca0e5968e15b5b6.png
329,CIT√â NOTRE-DAME (Coop√©rative de Terrain √† Thi√®s),225 m¬≤,Thi√®s Thi√®s,600 000 F Cfa,https://i.roamcdn.net/hz/ed/listing-thumb-543w/732571c96d62935b1973e52df3fcd00e/-/horizon-files-prod/ed/picture/qv4wvjpk/be34c6200700f1c61e520c9fe47a62823a242ab1.jpg
330,Des terrains √† vendre,150 m¬≤,Kayar Thi√®s,3 500 000 F Cfa,https://i.roamcdn.net/hz/ed/listing-thumb-543w/b8bf0e1f07e1e6ca8cf854fc515c74e1/-/horizon-files-prod/ed/picture/q78wqv4z/1726ca201e817e44ab8f250939a18205e341c0e2.jpg
331,Un champ bien plac√©,"40,800 m¬≤",Tivaouane Thi√®s,45 000 000 F Cfa,https://i.roamcdn.net/hz/ed/listing-thumb-543w/8cef056699489acb1a2bc91ed23c2d1e/-/horizon-files-prod/ed/picture/qrz8w2px/9439c6f0ba0bb467979baa2cd07f22f6925558d6.jpg
332,Champs √† vendre,"20,000 m¬≤",Mboro Thi√®s,30 000 000 F Cfa,https://i.roamcdn.net/hz/ed/listing-thumb-543w/c0c69f97ecc907314b308683b9fd2961/-/horizon-files-prod/ed/picture/q0g7vx2k/cf50f18c9e31a6751b654e96b3dfe80701e6e2cd.jpg
333,Des terrains √† somone bordure plage,"1,000 m¬≤",Plateau Dakar,2 500 000 000 F Cfa,https://i.roamcdn.net/hz/ed/listing-thumb-543w/df657f04f5f9ec75449cf30a76cd2fcd/-/horizon-files-prod/ed/picture/qxjp94d0/e5731cebab7cdeb3fb1ccaaac519529b79e3c998.jpg
334,Des terrains en vente √† somone √† c√¥t√© de la mer,"1,300 m¬≤",Somone Thi√®s,180 000 000 F Cfa,https://i.roamcdn.net/hz/ed/listing-thumb-543w/47cba08f2d0413d657c375300776fab0/-/horizon-files-prod/ed/picture/q56dn485/eb882d635b6072397e7b35ba5c11443fc0342755.jpg
335,Terrain avec vue √† vendre √† Popenguine,"3,029 m¬≤",Popenguine Thi√®s,141 750 000 F Cfa,https://i.roamcdn.net/hz/ed/listing-thumb-543w/fa6595e5efd0ec89cd342322edeb23b1/-/horizon-files-prod/ed/picture/qzvpk4md/6de8ca0d9233145333621197434a29ae05a498a7.jpg
336,Terrain titre foncier,150 m¬≤,Keur Massar Dakar,20 000 000 F Cfa,https://i.roamcdn.net/hz/ed/listing-thumb-543w/2bc4c9e24f28840c0976701d9ae27f3a/-/horizon-files-prod/ed/picture/q9mjkjj5/17e45eca0d3aa4cd40a8d3677b3756166ea868ee.jpg
337,Terrains Programme CDC SANGALKAM,,Sangalkam Dakar,15 000 000 F Cfa,https://i.roamcdn.net/hz/ed/listing-thumb-543w/4ea12f435f10d0e661cea8c9b3faf961/-/horizon-files-prod/ed/picture/qm5g7r86/f73732a036d161ec8838b0b35f61fdba568612d2.jpg
338,Champ √† vendre √† Sangu√© Noto Diobass,"5,000 m¬≤",Diass Thi√®s,6 000 000 F Cfa,https://i.roamcdn.net/hz/ed/listing-thumb-543w/d688537c9d9eec9280f80b6a9aab0977/-/horizon-files-prod/ed/picture/qde7nn92/6bb151c7c557239d545d72f664e2ba6887b0fc2b.jpg
339,Terrains titre foncier √† vendre √† sangalkam,,Sangalkam Dakar,8 500 000 F Cfa,https://i.roamcdn.net/hz/ed/listing-thumb-543w/461dd248d902308b0c474dc36fc556d5/-/horizon-files-prod/ed/picture/q2j098k2/a549a3b55e280974cc8f104e743e3e1c2b08618b.jpg
340,Ref_5083_GL Terrain √† vendre √† Mbao,"4,333 m¬≤",Mbao Dakar,630 000 000 F Cfa,https://i.roamcdn.net/hz/ed/listing-thumb-543w/31ac4cc8f85083c78f6ee99babadb671/-/horizon-files-prod/ed/picture/qm5g7gqq/f15443306557bfb7288d9c4a3621cf19eb60f4e7.jpg
341,Terrain d'exception divisible √† Nguerigne,"3,000 m¬≤",Nguering Thi√®s,141 750 000 F Cfa,https://i.roamcdn.net/hz/ed/listing-thumb-543w/0a5c57d0bb3cbb56fa8fd51889d31efa/-/horizon-files-prod/ed/picture/q0g7676k/49e8ca0b33b312e04d471a341335460e7dc2f255.jpg
342,Terrains √† vendre 60 hectares √† bambilor,"600,000 m¬≤",Bambilor Dakar,35 000 F Cfa,https://i.roamcdn.net/hz/ed/listing-thumb-543w/872b9c88336c57b9be5ec4a25de02c2d/-/horizon-files-prod/ed/picture/qj4qg6m8/73bd182e623a1dfee3f41a7bf9a3c5f2047a861e.jpg
343,Terrains √† vendre diamniadio route de mbour,"7,379 m¬≤",Diamniadio Dakar,200 000 000 F Cfa,https://i.roamcdn.net/hz/ed/listing-thumb-543w/ee5072cb702c89a99e34d998bbda983e/-/horizon-files-prod/ed/picture/q6xdwqxd/d5c44cbfbf7fff8ad0ea00fc85e8153c428a02b3.jpg
344,Terrains √† vendre diamniadio sph√®re minist√©riel,"1,050 m¬≤",Diamniadio Dakar,500 000 000 F Cfa,https://i.roamcdn.net/hz/ed/listing-thumb-543w/1938f03a9a7128600ee1475f0892bc8e/-/horizon-files-prod/ed/picture/qv4wrd4g/83aa904a6d766a4e17d707eb3d2b8e6f903283b3.jpg
345,Entrep√¥t √† vendre √† Yenne,"3,400 m¬≤",Yene Dakar,200 000 000 F Cfa,https://i.roamcdn.net/hz/ed/listing-thumb-543w/00e736912a21fa77ff99bb9aaacb8446/-/horizon-files-prod/ed/picture/q8v48mvx/caf9dd993e081c1f978e959a77b32d969f545219.jpg
346,Terrain de 250m2 √† malicounda (mbour),250 m¬≤,Mbour Thi√®s,2 000 000 F Cfa,https://i.roamcdn.net/hz/ed/listing-thumb-543w/3dc7f4785bde8b7c2d92ee540d528161/-/horizon-files-prod/ed/picture/q785rpjm/2d57d4e191b583410225cfd6767a745454397db8.jpg
347,"Almadies 2, Terrain 462m2 √† vendre",462 m¬≤,Rufisque Dakar,49 500 000 F Cfa,https://i.roamcdn.net/hz/ed/listing-thumb-543w/0565296878238d2b6a17f0f9d594380b/-/horizon-files-prod/ed/picture/qv4wrdnx/87619c1f7faba65471d8029f38e84bd2cfbab612.jpg
348,Des terrains titre foncier individuel √† vendre,150 m¬≤,Kounoune Dakar,11 000 000 F Cfa,https://i.roamcdn.net/hz/ed/listing-thumb-543w/52f059931830d26e06a8f7c9fe7ccc59/-/horizon-files-prod/ed/picture/qxjpd4m8/06cf6abb57d5fc63ee4546e0584a29e0e2e7de80.jpg
349,Parcelle avec construction √† vendre pointe sarene,450 m¬≤,Pointe Sarene Thi√®s,22 000 000 F Cfa,https://i.roamcdn.net/hz/ed/listing-thumb-543w/82d772c07bd2ea996f4e4246fc66eb15/-/horizon-files-prod/ed/picture/qenvxw8k/5970d71127e1079e5a3a5d4928c2803f16edd622.jpg
350,Terrain √† vendre,150 m¬≤,Keur moussa Thi√®s,4 000 000 F Cfa,https://i.roamcdn.net/hz/ed/listing-thumb-543w/7667739c98639322a77ea7065a6635d4/-/horizon-files-prod/ed/picture/q56dn9x0/af69a185cfbbf8ef748434a6d39dde4c5b029673.jpg
351,Terrain √† vendre √† Pallo (Thies) paiement moratoire possible,225 m¬≤,Thi√®s Thi√®s,500 000 F Cfa,https://i.roamcdn.net/hz/ed/listing-thumb-543w/e067f290dd1778e61844ee263791d526/-/horizon-files-prod/ed/picture/qwepnrj4/3e045e9e45e8e956f640e54e626e7567e3b5432a.jpg
352,Terrain √† Nord Sen Iran Thies payable sur 20 mois,225 m¬≤,Thi√®s Thi√®s,1 500 000 F Cfa,https://i.roamcdn.net/hz/ed/listing-thumb-543w/6a2d37cfdcd31555ebe50831a67aa9db/-/horizon-files-prod/ed/picture/q44n666e/486aaaa190e912b6a18728759baebd46a0fcda19.jpg
353,Station √† vendre √† yarakh,"20,000 m¬≤",Sicap Sacr√©-c≈ìur Dakar,1 500 000 000 F Cfa,https://i.roamcdn.net/hz/ed/listing-thumb-543w/b497bddb76059d716fbfde6e9d763dcd/-/horizon-files-prod/ed/picture/qngpv7k9/fbfe6f0103089daf1cf3cb92c37c2a5863f0294e.jpg
354,TERRAIN DE 18.000 m2 CL√îTUR√â √Ä VENDRE | POPENGUINE,"18,000 m¬≤",Popenguine Thi√®s,290 000 000 F Cfa,https://i.roamcdn.net/hz/ed/listing-thumb-543w/3a6abf0027a5a95e302d1bdd45c6ae00/-/horizon-files-prod/ed/picture/qq4298zv/562dd85fb3afc2b3089ed18876d6bc289716211c.jpg
355,Terrain √† vendre,156 m¬≤,Kounoune Dakar,20 000 000 F Cfa,https://i.roamcdn.net/hz/ed/listing-thumb-543w/67b87059e14c65f85c5e87537e1ccc5b/-/horizon-files-prod/ed/picture/q8v4kex0/11fd4215561879a8f2e7c5e79a9ec1e0924564f6.jpg
356,Terrain √† vendre pied dans l‚Äôeau,"1,095 m¬≤",Virage Dakar,985 000 000 F Cfa,https://i.roamcdn.net/hz/ed/listing-thumb-543w/455d6b0e58f6aa306da5f239ffbb35fb/-/horizon-files-prod/ed/picture/qde7040w/3704b5acbada557b7d576953f316403e285b18cb.jpg
357,Terrains √† vendre √† Niakoulrab - Titre foncier individuel,150 m¬≤,Niakoul rap Dakar,20 000 000 F Cfa,https://i.roamcdn.net/hz/ed/listing-thumb-543w/eaa53f21d44cfe0a866c9836e27cad32/-/horizon-files-prod/ed/picture/qv4w09w5/a180db34840175c362f9da6897291c8d3ca6f492.png
358,Opportunit√© √† saisir,180 m¬≤,Thi√®s Thi√®s,7 000 000 F Cfa,https://i.roamcdn.net/hz/ed/listing-thumb-543w/5e29ab7627556bc6ee8dc29c834d7c7d/-/horizon-files-prod/ed/picture/qwepxkmz/599b387dc75dd84da1dc54c4ce56dd5e147251f8.jpg
359,TF √† vendre √† la Cit√© Maniang √† Kounoune payable 24 mois,150 m¬≤,Kounoune Dakar,14 000 000 F Cfa,https://i.roamcdn.net/hz/ed/listing-thumb-543w/b7f426477772f62be0bcec590607c1a7/-/horizon-files-prod/ed/picture/q0g7k6xk/ac16ecd858f5ac9b4ba6dc5c669c32e9c4f9d33d.jpg
360,"Champs de 3,9 ha √† vendre √† Pout Tf individuel","39,000 m¬≤",Grand-Dakar Dakar,15 000 F Cfa,https://i.roamcdn.net/hz/ed/listing-thumb-543w/2cb960aa4cec643ffde7c1071a5c5f01/-/horizon-files-prod/ed/picture/qxj24dgm/3f91ce50df3821d99506522bb9722f9e07172094.jpg
361,Terrain 150m2 keur massar,150 m¬≤,Keur Massar Dakar,19 000 000 F Cfa,https://i.roamcdn.net/hz/ed/listing-thumb-543w/c5245cae7edbe8f795f81473c6407369/-/horizon-files-prod/ed/picture/q44np0ke/5432fe81e51d9f47b904b45fc52b59ed6b915e86.jpg
362,Terrain 150m2 a keur Massar,150 m¬≤,Keur Massar Dakar,18 500 000 F Cfa,https://i.roamcdn.net/hz/ed/listing-thumb-543w/1ff92e29e75e416d6db6b323b5ee085a/-/horizon-files-prod/ed/picture/qv4w58jg/5b2ad28065d1520bbe1a8569a830b8044675e1b1.jpg
363,Terrain √† Vendre √† Toubab Dialaw,300 m¬≤,Toubab dialo Dakar,25 000 000 F Cfa,https://i.roamcdn.net/hz/ed/listing-thumb-543w/9074f79a748fa23f56a0c910aeaa1c64/-/horizon-files-prod/ed/picture/q2j09g0d/d8a683fde36eeb723ccc43813e1c654a609e1530.jpg
364,Terrain √† vendre √† Ngaparou,"1,000 m¬≤",Ngaparou Thi√®s,130 000 000 F Cfa,https://i.roamcdn.net/hz/ed/listing-thumb-543w/0f8f2f895b2a173a19ad26467672f3ff/-/horizon-files-prod/ed/picture/qpdmr654/3553c750a9fc27bd67e3c824bef3f274f229b53d.jpg
365,Terrains √† vendre √† kounoune,150 m¬≤,Kounoune Dakar,15 000 000 F Cfa,https://i.roamcdn.net/hz/ed/listing-thumb-543w/f733bec54bf4b31f07367f2258859e26/-/horizon-files-prod/ed/picture/qde7q47m/46c9f639dd7d862dba91f4a45542c78ebc1b6121.jpg
366,Terrain √† vendre,150 m¬≤,Keur Massar Dakar,17 000 000 F Cfa,https://i.roamcdn.net/hz/ed/listing-thumb-543w/62325e938fd5428e4bceb1046c0aa951/-/horizon-files-prod/ed/picture/qv4w0ejg/c34711374f391f609281bfd6d5ea64c7fd0adfca.jpg
367,Nguerigne Terrain √† vendre,,Almadies Dakar,45 000 000 F Cfa,https://i.roamcdn.net/hz/ed/listing-thumb-543w/01bcf0e3c577204bd8cf0cf492e955d5/-/horizon-files-prod/ed/picture/qngpv2ex/c80cd89fd89971f08b074e7e29dd62f1ad6c1702.jpg
368,Hectare √† vendre √† Mboro,"10,000 m¬≤",Mboro Thi√®s,2 750 000 F Cfa,https://i.roamcdn.net/hz/ed/listing-thumb-543w/b872167be5e6262c6b394f00c4ba6080/-/horizon-files-prod/ed/picture/q6x60q7j/f1ee3f5218b133af861f4bbc9ac7d7e6e9106e64.jpg
369,Terrains √† vendre,662 m¬≤,Ndiakhirate Dakar,1 F Cfa,https://i.roamcdn.net/hz/ed/listing-thumb-543w/f0a8fb5b11fa9410ae602ef17246d060/-/horizon-files-prod/ed/picture/qngpvwge/edeb8ef9250735e2eb541c643261b9d5a06b8210.jpg
